state,year,code,plan,eg_adj_avg,eg_avg_percentrank,bias_avg,bias_avg_percentrank,mmd_avg,mmd_avg_percentrank,dec2_avg,dec2_avg_percentrank,wasted_dem_plan,wasted_rep_plan,votes_dem_plan,votes_twop_plan,seats_plan,seats_dem_plan,seats_r_plan
AL,1972,AL1972,AL1,-0.074,0.908,0.071,0.889,0.091,0.994,-0.127,0.850,1277068,774933,2350939,4104001,35,20,15
AL,1974,AL1974,AL1,-0.074,0.908,0.071,0.889,0.091,0.994,-0.127,0.850,1277068,774933,2350939,4104001,35,20,15
AL,1976,AL1976,AL1,-0.074,0.908,0.071,0.889,0.091,0.994,-0.127,0.850,1277068,774933,2350939,4104001,35,20,15
AL,1978,AL1978,AL1,-0.074,0.908,0.071,0.889,0.091,0.994,-0.127,0.850,1277068,774933,2350939,4104001,35,20,15
AL,1980,AL1980,AL1,-0.074,0.908,0.071,0.889,0.091,0.994,-0.127,0.850,1277068,774933,2350939,4104001,35,20,15
AL,1982,AL1982,AL2,-0.033,0.830,0.131,0.952,0.068,0.956,-0.019,0.766,1451168,1263014,3379744,5428365,35,25,10
AL,1984,AL1984,AL2,-0.033,0.830,0.131,0.952,0.068,0.956,-0.019,0.766,1451168,1263014,3379744,5428365,35,25,10
AL,1986,AL1986,AL2,-0.033,0.830,0.131,0.952,0.068,0.956,-0.019,0.766,1451168,1263014,3379744,5428365,35,25,10
AL,1988,AL1988,AL2,-0.033,0.830,0.131,0.952,0.068,0.956,-0.019,0.766,1451168,1263014,3379744,5428365,35,25,10
AL,1990,AL1990,AL2,-0.033,0.830,0.131,0.952,0.068,0.956,-0.019,0.766,1451168,1263014,3379744,5428365,35,25,10
AL,1992,AL1992,AL3,-0.050,0.864,-0.058,0.870,-0.002,0.753,-0.193,0.884,1918372,1408262,3186482,6653267,35,14,21
AL,1994,AL1994,AL3,-0.050,0.864,-0.058,0.870,-0.002,0.753,-0.193,0.884,1918372,1408262,3186482,6653267,35,14,21
AL,1996,AL1996,AL3,-0.050,0.864,-0.058,0.870,-0.002,0.753,-0.193,0.884,1918372,1408262,3186482,6653267,35,14,21
AL,1998,AL1998,AL3,-0.050,0.864,-0.058,0.870,-0.002,0.753,-0.193,0.884,1918372,1408262,3186482,6653267,35,14,21
AL,2000,AL2000,AL3,-0.050,0.864,-0.058,0.870,-0.002,0.753,-0.193,0.884,1918372,1408262,3186482,6653267,35,14,21
AL,2002,AL2002,AL4,-0.061,0.886,-0.090,0.911,-0.037,0.878,-0.286,0.919,2025584,1628368,3103583,7307903,35,10,25
AL,2004,AL2004,AL4,-0.061,0.886,-0.090,0.911,-0.037,0.878,-0.286,0.919,2025584,1628368,3103583,7307903,35,10,25
AL,2006,AL2006,AL4,-0.061,0.886,-0.090,0.911,-0.037,0.878,-0.286,0.919,2025584,1628368,3103583,7307903,35,10,25
AL,2008,AL2008,AL4,-0.061,0.886,-0.090,0.911,-0.037,0.878,-0.286,0.919,2025584,1628368,3103583,7307903,35,10,25
AL,2010,AL2010,AL4,-0.061,0.886,-0.090,0.911,-0.037,0.878,-0.286,0.919,2025584,1628368,3103583,7307903,35,10,25
AL,2012,AL2012,AL5,-0.118,0.961,-0.196,0.988,-0.030,0.859,-0.542,0.981,2831164,1838914,3557510,9340156,35,5,30
AL,2014,AL2014,AL5,-0.118,0.961,-0.196,0.988,-0.030,0.859,-0.542,0.981,2831164,1838914,3557510,9340156,35,5,30
AL,2016,AL2016,AL5,-0.118,0.961,-0.196,0.988,-0.030,0.859,-0.542,0.981,2831164,1838914,3557510,9340156,35,5,30
AL,2018,AL2018,AL5,-0.118,0.961,-0.196,0.988,-0.030,0.859,-0.542,0.981,2831164,1838914,3557510,9340156,35,5,30
AL,2020,AL2020,AL5,-0.118,0.961,-0.196,0.988,-0.030,0.859,-0.542,0.981,2831164,1838914,3557510,9340156,35,5,30
AL,2022,AL2022,AL6,-0.006,0.767,-0.149,0.970,-0.019,0.811,-0.389,0.956,375546,350601,470871,1452294,7,1,6
AL,2024,AL2024,AL6.1,0.097,0.939,-0.175,0.983,-0.053,0.931,0.023,0.769,452412,626718,743657,2158261,7,2,5
AZ,2002,AZ2002,AZ4,-0.007,0.775,-0.086,0.906,-0.028,0.852,-0.167,0.873,2275229,1712584,3649988,7975626,40,16,24
AZ,2004,AZ2004,AZ4,-0.007,0.775,-0.086,0.906,-0.028,0.852,-0.167,0.873,2275229,1712584,3649988,7975626,40,16,24
AZ,2006,AZ2006,AZ4,-0.007,0.775,-0.086,0.906,-0.028,0.852,-0.167,0.873,2275229,1712584,3649988,7975626,40,16,24
AZ,2008,AZ2008,AZ4,-0.007,0.775,-0.086,0.906,-0.028,0.852,-0.167,0.873,2275229,1712584,3649988,7975626,40,16,24
AZ,2010,AZ2010,AZ4,-0.007,0.775,-0.086,0.906,-0.028,0.852,-0.167,0.873,2275229,1712584,3649988,7975626,40,16,24
AZ,2012,AZ2012,AZ5,0.070,0.900,-0.015,0.781,0.001,0.750,0.039,0.789,2935612,2892795,5545611,11656814,45,23,22
AZ,2014,AZ2014,AZ5,0.070,0.900,-0.015,0.781,0.001,0.750,0.039,0.789,2935612,2892795,5545611,11656814,45,23,22
AZ,2016,AZ2016,AZ5,0.070,0.900,-0.015,0.781,0.001,0.750,0.039,0.789,2935612,2892795,5545611,11656814,45,23,22
AZ,2018,AZ2018,AZ5,0.070,0.900,-0.015,0.781,0.001,0.750,0.039,0.789,2935612,2892795,5545611,11656814,45,23,22
AZ,2020,AZ2020,AZ5,0.070,0.900,-0.015,0.781,0.001,0.750,0.039,0.789,2935612,2892795,5545611,11656814,45,23,22
AZ,2022,AZ2022,AZ6,-0.081,0.919,0.030,0.806,0.021,0.825,-0.258,0.906,1867732,918768,2567197,5572999,18,6,12
AZ,2024,AZ2024,AZ6,-0.081,0.919,0.030,0.806,0.021,0.825,-0.258,0.906,1867732,918768,2567197,5572999,18,6,12
CA,1972,CA1972,CA1,-0.006,0.773,0.007,0.766,0.014,0.800,-0.098,0.833,2217110,1785040,4166782,8004301,43,23,20
CA,1974,CA1974,CA1.1,0.048,0.856,0.042,0.839,0.029,0.856,0.049,0.800,7028333,6731307,14460807,27519279,172,104,68
CA,1976,CA1976,CA1.1,0.048,0.856,0.042,0.839,0.029,0.856,0.049,0.800,7028333,6731307,14460807,27519279,172,104,68
CA,1978,CA1978,CA1.1,0.048,0.856,0.042,0.839,0.029,0.856,0.049,0.800,7028333,6731307,14460807,27519279,172,104,68
CA,1980,CA1980,CA1.1,0.048,0.856,0.042,0.839,0.029,0.856,0.049,0.800,7028333,6731307,14460807,27519279,172,104,68
CA,1982,CA1982,CA2,0.115,0.956,0.082,0.905,0.039,0.883,0.393,0.959,1577285,2132200,3736817,7418970,45,28,17
CA,1984,CA1984,CA2.1,0.053,0.870,0.082,0.903,0.082,0.983,0.166,0.872,7965538,8053453,16666941,32037983,180,107,73
CA,1986,CA1986,CA2.1,0.053,0.870,0.082,0.903,0.082,0.983,0.166,0.872,7965538,8053453,16666941,32037983,180,107,73
CA,1988,CA1988,CA2.1,0.053,0.870,0.082,0.903,0.082,0.983,0.166,0.872,7965538,8053453,16666941,32037983,180,107,73
CA,1990,CA1990,CA2.1,0.053,0.870,0.082,0.903,0.082,0.983,0.166,0.872,7965538,8053453,16666941,32037983,180,107,73
CA,1992,CA1992,CA3,0.000,0.742,-0.011,0.773,-0.015,0.803,-0.081,0.822,11984016,10211005,23610731,44390043,260,146,114
CA,1994,CA1994,CA3,0.000,0.742,-0.011,0.773,-0.015,0.803,-0.081,0.822,11984016,10211005,23610731,44390043,260,146,114
CA,1996,CA1996,CA3,0.000,0.742,-0.011,0.773,-0.015,0.803,-0.081,0.822,11984016,10211005,23610731,44390043,260,146,114
CA,1998,CA1998,CA3,0.000,0.742,-0.011,0.773,-0.015,0.803,-0.081,0.822,11984016,10211005,23610731,44390043,260,146,114
CA,2000,CA2000,CA3,0.000,0.742,-0.011,0.773,-0.015,0.803,-0.081,0.822,11984016,10211005,23610731,44390043,260,146,114
CA,2002,CA2002,CA4,-0.001,0.747,0.101,0.920,0.068,0.955,0.037,0.784,13560438,10250884,27183864,47622644,265,168,97
CA,2004,CA2004,CA4,-0.001,0.747,0.101,0.920,0.068,0.955,0.037,0.784,13560438,10250884,27183864,47622644,265,168,97
CA,2006,CA2006,CA4,-0.001,0.747,0.101,0.920,0.068,0.955,0.037,0.784,13560438,10250884,27183864,47622644,265,168,97
CA,2008,CA2008,CA4,-0.001,0.747,0.101,0.920,0.068,0.955,0.037,0.784,13560438,10250884,27183864,47622644,265,168,97
CA,2010,CA2010,CA4,-0.001,0.747,0.101,0.920,0.068,0.955,0.037,0.784,13560438,10250884,27183864,47622644,265,168,97
CA,2012,CA2012,CA5,0.034,0.833,0.036,0.823,0.027,0.848,0.222,0.895,15197758,16278014,39237664,62951543,265,204,61
CA,2014,CA2014,CA5,0.034,0.833,0.036,0.823,0.027,0.848,0.222,0.895,15197758,16278014,39237664,62951543,265,204,61
CA,2016,CA2016,CA5,0.034,0.833,0.036,0.823,0.027,0.848,0.222,0.895,15197758,16278014,39237664,62951543,265,204,61
CA,2018,CA2018,CA5,0.034,0.833,0.036,0.823,0.027,0.848,0.222,0.895,15197758,16278014,39237664,62951543,265,204,61
CA,2020,CA2020,CA5,0.034,0.833,0.036,0.823,0.027,0.848,0.222,0.895,15197758,16278014,39237664,62951543,265,204,61
CA,2022,CA2022,CA6,0.086,0.927,0.038,0.833,0.017,0.806,0.375,0.950,5603323,7571322,15951159,26349289,104,83,21
CA,2024,CA2024,CA6,0.086,0.927,0.038,0.833,0.017,0.806,0.375,0.950,5603323,7571322,15951159,26349289,104,83,21
CO,2002,CO2002,CO4,-0.021,0.798,-0.001,0.750,-0.002,0.755,-0.091,0.830,2373481,2002215,4450373,8751390,35,17,18
CO,2004,CO2004,CO4,-0.021,0.798,-0.001,0.750,-0.002,0.755,-0.091,0.830,2373481,2002215,4450373,8751390,35,17,18
CO,2006,CO2006,CO4,-0.021,0.798,-0.001,0.750,-0.002,0.755,-0.091,0.830,2373481,2002215,4450373,8751390,35,17,18
CO,2008,CO2008,CO4,-0.021,0.798,-0.001,0.750,-0.002,0.755,-0.091,0.830,2373481,2002215,4450373,8751390,35,17,18
CO,2010,CO2010,CO4,-0.021,0.798,-0.001,0.750,-0.002,0.755,-0.091,0.830,2373481,2002215,4450373,8751390,35,17,18
CO,2012,CO2012,CO5,-0.053,0.869,-0.012,0.778,-0.007,0.773,-0.092,0.831,3304752,2858283,6434929,12326069,35,17,18
CO,2014,CO2014,CO5,-0.053,0.869,-0.012,0.778,-0.007,0.773,-0.092,0.831,3304752,2858283,6434929,12326069,35,17,18
CO,2016,CO2016,CO5,-0.053,0.869,-0.012,0.778,-0.007,0.773,-0.092,0.831,3304752,2858283,6434929,12326069,35,17,18
CO,2018,CO2018,CO5,-0.053,0.869,-0.012,0.778,-0.007,0.773,-0.092,0.831,3304752,2858283,6434929,12326069,35,17,18
CO,2020,CO2020,CO5,-0.053,0.869,-0.012,0.778,-0.007,0.773,-0.092,0.831,3304752,2858283,6434929,12326069,35,17,18
CO,2022,CO2022,CO6,-0.063,0.892,-0.057,0.866,-0.027,0.847,-0.169,0.877,1549247,1145584,3032625,5389662,16,9,7
CO,2024,CO2024,CO6,-0.063,0.892,-0.057,0.866,-0.027,0.847,-0.169,0.877,1549247,1145584,3032625,5389662,16,9,7
FL,1972,FL1972,FL1,0.108,0.952,0.127,0.948,0.058,0.939,0.348,0.938,2818621,3405793,6930672,12448829,75,54,21
FL,1974,FL1974,FL1,0.108,0.952,0.127,0.948,0.058,0.939,0.348,0.938,2818621,3405793,6930672,12448829,75,54,21
FL,1976,FL1976,FL1,0.108,0.952,0.127,0.948,0.058,0.939,0.348,0.938,2818621,3405793,6930672,12448829,75,54,21
FL,1978,FL1978,FL1,0.108,0.952,0.127,0.948,0.058,0.939,0.348,0.938,2818621,3405793,6930672,12448829,75,54,21
FL,1980,FL1980,FL1,0.108,0.952,0.127,0.948,0.058,0.939,0.348,0.938,2818621,3405793,6930672,12448829,75,54,21
FL,1982,FL1982,FL2,0.026,0.814,0.065,0.878,0.032,0.864,0.024,0.770,4274644,4165986,8718442,16881259,95,54,41
FL,1984,FL1984,FL2,0.026,0.814,0.065,0.878,0.032,0.864,0.024,0.770,4274644,4165986,8718442,16881259,95,54,41
FL,1986,FL1986,FL2,0.026,0.814,0.065,0.878,0.032,0.864,0.024,0.770,4274644,4165986,8718442,16881259,95,54,41
FL,1988,FL1988,FL2,0.026,0.814,0.065,0.878,0.032,0.864,0.024,0.770,4274644,4165986,8718442,16881259,95,54,41
FL,1990,FL1990,FL2,0.026,0.814,0.065,0.878,0.032,0.864,0.024,0.770,4274644,4165986,8718442,16881259,95,54,41
FL,1992,FL1992,FL3,-0.008,0.777,-0.075,0.895,-0.053,0.934,-0.107,0.836,2303448,2040962,3941078,8688820,46,18,28
FL,1994,FL1994,FL3,-0.008,0.777,-0.075,0.895,-0.053,0.934,-0.107,0.836,2303448,2040962,3941078,8688820,46,18,28
FL,1996,FL1996,FL3.1,-0.055,0.878,-0.123,0.942,-0.081,0.981,-0.381,0.955,3881246,2764762,6005587,13292016,69,24,45
FL,1998,FL1998,FL3.1,-0.055,0.878,-0.123,0.942,-0.081,0.981,-0.381,0.955,3881246,2764762,6005587,13292016,69,24,45
FL,2000,FL2000,FL3.1,-0.055,0.878,-0.123,0.942,-0.081,0.981,-0.381,0.955,3881246,2764762,6005587,13292016,69,24,45
FL,2002,FL2002,FL4,-0.087,0.931,-0.149,0.972,-0.071,0.964,-0.555,0.983,9043722,5310289,12950612,28708020,125,39,86
FL,2004,FL2004,FL4,-0.087,0.931,-0.149,0.972,-0.071,0.964,-0.555,0.983,9043722,5310289,12950612,28708020,125,39,86
FL,2006,FL2006,FL4,-0.087,0.931,-0.149,0.972,-0.071,0.964,-0.555,0.983,9043722,5310289,12950612,28708020,125,39,86
FL,2008,FL2008,FL4,-0.087,0.931,-0.149,0.972,-0.071,0.964,-0.555,0.983,9043722,5310289,12950612,28708020,125,39,86
FL,2010,FL2010,FL4,-0.087,0.931,-0.149,0.972,-0.071,0.964,-0.555,0.983,9043722,5310289,12950612,28708020,125,39,86
FL,2012,FL2012,FL5,-0.071,0.903,-0.104,0.925,-0.055,0.938,-0.375,0.952,4254153,2729595,6615811,13967497,54,20,34
FL,2014,FL2014,FL5,-0.071,0.903,-0.104,0.925,-0.055,0.938,-0.375,0.952,4254153,2729595,6615811,13967497,54,20,34
FL,2016,FL2016,FL5.1,-0.031,0.825,-0.058,0.869,-0.042,0.892,-0.183,0.881,7832245,6090661,13390839,27845813,81,35,46
FL,2018,FL2018,FL5.1,-0.031,0.825,-0.058,0.869,-0.042,0.892,-0.183,0.881,7832245,6090661,13390839,27845813,81,35,46
FL,2020,FL2020,FL5.1,-0.031,0.825,-0.058,0.869,-0.042,0.892,-0.183,0.881,7832245,6090661,13390839,27845813,81,35,46
FL,2022,FL2022,FL6,-0.063,0.894,-0.135,0.955,-0.044,0.906,-0.267,0.909,5542416,3581877,7760042,18248584,56,16,40
FL,2024,FL2024,FL6,-0.063,0.894,-0.135,0.955,-0.044,0.906,-0.267,0.909,5542416,3581877,7760042,18248584,56,16,40
GA,1972,GA1972,GA1,0.140,0.975,0.115,0.933,0.022,0.828,0.506,0.973,939564,1545812,3232394,4970752,50,47,3
GA,1974,GA1974,GA1,0.140,0.975,0.115,0.933,0.022,0.828,0.506,0.973,939564,1545812,3232394,4970752,50,47,3
GA,1976,GA1976,GA1,0.140,0.975,0.115,0.933,0.022,0.828,0.506,0.973,939564,1545812,3232394,4970752,50,47,3
GA,1978,GA1978,GA1,0.140,0.975,0.115,0.933,0.022,0.828,0.506,0.973,939564,1545812,3232394,4970752,50,47,3
GA,1980,GA1980,GA1,0.140,0.975,0.115,0.933,0.022,0.828,0.506,0.973,939564,1545812,3232394,4970752,50,47,3
GA,1982,GA1982,GA2,0.074,0.906,0.045,0.845,0.007,0.772,0.173,0.878,1506189,1846008,4287833,6704395,50,43,7
GA,1984,GA1984,GA2,0.074,0.906,0.045,0.845,0.007,0.772,0.173,0.878,1506189,1846008,4287833,6704395,50,43,7
GA,1986,GA1986,GA2,0.074,0.906,0.045,0.845,0.007,0.772,0.173,0.878,1506189,1846008,4287833,6704395,50,43,7
GA,1988,GA1988,GA2,0.074,0.906,0.045,0.845,0.007,0.772,0.173,0.878,1506189,1846008,4287833,6704395,50,43,7
GA,1990,GA1990,GA2,0.074,0.906,0.045,0.845,0.007,0.772,0.173,0.878,1506189,1846008,4287833,6704395,50,43,7
GA,1992,GA1992,GA3,-0.049,0.859,-0.050,0.855,-0.024,0.839,-0.264,0.908,1080052,775703,1895843,3711509,22,10,12
GA,1994,GA1994,GA3,-0.049,0.859,-0.050,0.855,-0.024,0.839,-0.264,0.908,1080052,775703,1895843,3711509,22,10,12
GA,1996,GA1996,GA3.1,-0.084,0.923,-0.125,0.947,-0.050,0.920,-0.332,0.934,1949770,1266449,2748700,6432437,33,9,24
GA,1998,GA1998,GA3.1,-0.084,0.923,-0.125,0.947,-0.050,0.920,-0.332,0.934,1949770,1266449,2748700,6432437,33,9,24
GA,2000,GA2000,GA3.1,-0.084,0.923,-0.125,0.947,-0.050,0.920,-0.332,0.934,1949770,1266449,2748700,6432437,33,9,24
GA,2002,GA2002,GA4,0.067,0.895,-0.003,0.755,-0.008,0.777,0.001,0.747,1193594,1363394,2205335,5113976,26,11,15
GA,2004,GA2004,GA4,0.067,0.895,-0.003,0.755,-0.008,0.777,0.001,0.747,1193594,1363394,2205335,5113976,26,11,15
GA,2006,GA2006,GA4.1,0.035,0.834,-0.045,0.852,-0.116,1.000,-0.047,0.798,2116188,1995568,3748217,8223513,39,17,22
GA,2008,GA2008,GA4.1,0.035,0.834,-0.045,0.852,-0.116,1.000,-0.047,0.798,2116188,1995568,3748217,8223513,39,17,22
GA,2010,GA2010,GA4.1,0.035,0.834,-0.045,0.852,-0.116,1.000,-0.047,0.798,2116188,1995568,3748217,8223513,39,17,22
GA,2012,GA2012,GA5,-0.084,0.925,-0.143,0.963,-0.077,0.977,-0.351,0.939,5514230,4008024,8885239,19044508,70,24,46
GA,2014,GA2014,GA5,-0.084,0.925,-0.143,0.963,-0.077,0.977,-0.351,0.939,5514230,4008024,8885239,19044508,70,24,46
GA,2016,GA2016,GA5,-0.084,0.925,-0.143,0.963,-0.077,0.977,-0.351,0.939,5514230,4008024,8885239,19044508,70,24,46
GA,2018,GA2018,GA5,-0.084,0.925,-0.143,0.963,-0.077,0.977,-0.351,0.939,5514230,4008024,8885239,19044508,70,24,46
GA,2020,GA2020,GA5,-0.084,0.925,-0.143,0.963,-0.077,0.977,-0.351,0.939,5514230,4008024,8885239,19044508,70,24,46
GA,2022,GA2022,GA6,-0.097,0.941,-0.143,0.964,-0.091,0.995,-0.379,0.953,1208185,745802,1863870,3907972,14,5,9
GA,2024,GA2024,GA6.1,-0.091,0.934,-0.143,0.964,-0.109,0.998,-0.392,0.958,1590924,977628,2434984,5137102,14,5,9
IL,1972,IL1972,IL1,-0.049,0.861,-0.078,0.900,-0.077,0.975,-0.318,0.933,5589673,3973094,9554987,19125535,120,55,65
IL,1974,IL1974,IL1,-0.049,0.861,-0.078,0.900,-0.077,0.975,-0.318,0.933,5589673,3973094,9554987,19125535,120,55,65
IL,1976,IL1976,IL1,-0.049,0.861,-0.078,0.900,-0.077,0.975,-0.318,0.933,5589673,3973094,9554987,19125535,120,55,65
IL,1978,IL1978,IL1,-0.049,0.861,-0.078,0.900,-0.077,0.975,-0.318,0.933,5589673,3973094,9554987,19125535,120,55,65
IL,1980,IL1980,IL1,-0.049,0.861,-0.078,0.900,-0.077,0.975,-0.318,0.933,5589673,3973094,9554987,19125535,120,55,65
IL,1982,IL1982,IL2,0.022,0.803,0.023,0.797,0.024,0.838,0.138,0.855,4456469,4913907,10134476,18740753,110,67,43
IL,1984,IL1984,IL2,0.022,0.803,0.023,0.797,0.024,0.838,0.138,0.855,4456469,4913907,10134476,18740753,110,67,43
IL,1986,IL1986,IL2,0.022,0.803,0.023,0.797,0.024,0.838,0.138,0.855,4456469,4913907,10134476,18740753,110,67,43
IL,1988,IL1988,IL2,0.022,0.803,0.023,0.797,0.024,0.838,0.138,0.855,4456469,4913907,10134476,18740753,110,67,43
IL,1990,IL1990,IL2,0.022,0.803,0.023,0.797,0.024,0.838,0.138,0.855,4456469,4913907,10134476,18740753,110,67,43
IL,1992,IL1992,IL3,-0.040,0.844,-0.021,0.792,-0.035,0.875,-0.186,0.883,5662535,4108846,10438853,19542762,100,52,48
IL,1994,IL1994,IL3,-0.040,0.844,-0.021,0.792,-0.035,0.875,-0.186,0.883,5662535,4108846,10438853,19542762,100,52,48
IL,1996,IL1996,IL3,-0.040,0.844,-0.021,0.792,-0.035,0.875,-0.186,0.883,5662535,4108846,10438853,19542762,100,52,48
IL,1998,IL1998,IL3,-0.040,0.844,-0.021,0.792,-0.035,0.875,-0.186,0.883,5662535,4108846,10438853,19542762,100,52,48
IL,2000,IL2000,IL3,-0.040,0.844,-0.021,0.792,-0.035,0.875,-0.186,0.883,5662535,4108846,10438853,19542762,100,52,48
IL,2002,IL2002,IL4,-0.081,0.917,-0.040,0.836,-0.051,0.923,-0.302,0.923,6437683,3813048,11308509,20501463,95,49,46
IL,2004,IL2004,IL4,-0.081,0.917,-0.040,0.836,-0.051,0.923,-0.302,0.923,6437683,3813048,11308509,20501463,95,49,46
IL,2006,IL2006,IL4,-0.081,0.917,-0.040,0.836,-0.051,0.923,-0.302,0.923,6437683,3813048,11308509,20501463,95,49,46
IL,2008,IL2008,IL4,-0.081,0.917,-0.040,0.836,-0.051,0.923,-0.302,0.923,6437683,3813048,11308509,20501463,95,49,46
IL,2010,IL2010,IL4,-0.081,0.917,-0.040,0.836,-0.051,0.923,-0.302,0.923,6437683,3813048,11308509,20501463,95,49,46
IL,2012,IL2012,IL5,0.037,0.839,0.014,0.780,0.012,0.794,0.142,0.856,5893327,6194196,13562350,24175047,90,59,31
IL,2014,IL2014,IL5,0.037,0.839,0.014,0.780,0.012,0.794,0.142,0.856,5893327,6194196,13562350,24175047,90,59,31
IL,2016,IL2016,IL5,0.037,0.839,0.014,0.780,0.012,0.794,0.142,0.856,5893327,6194196,13562350,24175047,90,59,31
IL,2018,IL2018,IL5,0.037,0.839,0.014,0.780,0.012,0.794,0.142,0.856,5893327,6194196,13562350,24175047,90,59,31
IL,2020,IL2020,IL5,0.037,0.839,0.014,0.780,0.012,0.794,0.142,0.856,5893327,6194196,13562350,24175047,90,59,31
IL,2022,IL2022,IL6,0.209,0.998,0.070,0.888,0.000,0.747,0.762,0.998,1573584,3211579,5334836,9570326,34,28,6
IL,2024,IL2024,IL6,0.209,0.998,0.070,0.888,0.000,0.747,0.762,0.998,1573584,3211579,5334836,9570326,34,28,6
IN,1972,IN1972,IN1,0.087,0.930,-0.002,0.752,0.000,0.742,0.156,0.863,2087316,2726341,4944664,9627314,55,34,21
IN,1974,IN1974,IN1,0.087,0.930,-0.002,0.752,0.000,0.742,0.156,0.863,2087316,2726341,4944664,9627314,55,34,21
IN,1976,IN1976,IN1,0.087,0.930,-0.002,0.752,0.000,0.742,0.156,0.863,2087316,2726341,4944664,9627314,55,34,21
IN,1978,IN1978,IN1,0.087,0.930,-0.002,0.752,0.000,0.742,0.156,0.863,2087316,2726341,4944664,9627314,55,34,21
IN,1980,IN1980,IN1,0.087,0.930,-0.002,0.752,0.000,0.742,0.156,0.863,2087316,2726341,4944664,9627314,55,34,21
IN,1982,IN1982,IN2,0.104,0.948,0.031,0.808,0.012,0.791,0.211,0.891,1876737,2690183,4617993,9133839,50,31,19
IN,1984,IN1984,IN2,0.104,0.948,0.031,0.808,0.012,0.791,0.211,0.891,1876737,2690183,4617993,9133839,50,31,19
IN,1986,IN1986,IN2,0.104,0.948,0.031,0.808,0.012,0.791,0.211,0.891,1876737,2690183,4617993,9133839,50,31,19
IN,1988,IN1988,IN2,0.104,0.948,0.031,0.808,0.012,0.791,0.211,0.891,1876737,2690183,4617993,9133839,50,31,19
IN,1990,IN1990,IN2,0.104,0.948,0.031,0.808,0.012,0.791,0.211,0.891,1876737,2690183,4617993,9133839,50,31,19
IN,1992,IN1992,IN3,0.028,0.819,0.020,0.788,0.000,0.745,0.050,0.803,2341929,2365931,4430731,9415718,50,23,27
IN,1994,IN1994,IN3,0.028,0.819,0.020,0.788,0.000,0.745,0.050,0.803,2341929,2365931,4430731,9415718,50,23,27
IN,1996,IN1996,IN3,0.028,0.819,0.020,0.788,0.000,0.745,0.050,0.803,2341929,2365931,4430731,9415718,50,23,27
IN,1998,IN1998,IN3,0.028,0.819,0.020,0.788,0.000,0.745,0.050,0.803,2341929,2365931,4430731,9415718,50,23,27
IN,2000,IN2000,IN3,0.028,0.819,0.020,0.788,0.000,0.745,0.050,0.803,2341929,2365931,4430731,9415718,50,23,27
IN,2002,IN2002,IN4,-0.014,0.788,0.001,0.748,0.025,0.845,-0.058,0.806,2654399,2239600,4520571,9787997,45,18,27
IN,2004,IN2004,IN4,-0.014,0.788,0.001,0.748,0.025,0.845,-0.058,0.806,2654399,2239600,4520571,9787997,45,18,27
IN,2006,IN2006,IN4,-0.014,0.788,0.001,0.748,0.025,0.845,-0.058,0.806,2654399,2239600,4520571,9787997,45,18,27
IN,2008,IN2008,IN4,-0.014,0.788,0.001,0.748,0.025,0.845,-0.058,0.806,2654399,2239600,4520571,9787997,45,18,27
IN,2010,IN2010,IN4,-0.014,0.788,0.001,0.748,0.025,0.845,-0.058,0.806,2654399,2239600,4520571,9787997,45,18,27
IN,2012,IN2012,IN5,-0.116,0.959,-0.142,0.961,-0.034,0.870,-0.352,0.941,3670156,2098813,4860926,11537939,45,10,35
IN,2014,IN2014,IN5,-0.116,0.959,-0.142,0.961,-0.034,0.870,-0.352,0.941,3670156,2098813,4860926,11537939,45,10,35
IN,2016,IN2016,IN5,-0.116,0.959,-0.142,0.961,-0.034,0.870,-0.352,0.941,3670156,2098813,4860926,11537939,45,10,35
IN,2018,IN2018,IN5,-0.116,0.959,-0.142,0.961,-0.034,0.870,-0.352,0.941,3670156,2098813,4860926,11537939,45,10,35
IN,2020,IN2020,IN5,-0.116,0.959,-0.142,0.961,-0.034,0.870,-0.352,0.941,3670156,2098813,4860926,11537939,45,10,35
IN,2022,IN2022,IN6,-0.068,0.897,-0.222,0.995,-0.064,0.945,-0.284,0.914,1336676,961869,1819896,4597089,18,4,14
IN,2024,IN2024,IN6,-0.068,0.897,-0.222,0.995,-0.064,0.945,-0.284,0.914,1336676,961869,1819896,4597089,18,4,14
KY,1972,KY1972,KY1,0.048,0.858,0.116,0.936,0.079,0.980,0.119,0.842,1036333,1058320,2309550,4189307,35,23,12
KY,1974,KY1974,KY1,0.048,0.858,0.116,0.936,0.079,0.980,0.119,0.842,1036333,1058320,2309550,4189307,35,23,12
KY,1976,KY1976,KY1,0.048,0.858,0.116,0.936,0.079,0.980,0.119,0.842,1036333,1058320,2309550,4189307,35,23,12
KY,1978,KY1978,KY1,0.048,0.858,0.116,0.936,0.079,0.980,0.119,0.842,1036333,1058320,2309550,4189307,35,23,12
KY,1980,KY1980,KY1,0.048,0.858,0.116,0.936,0.079,0.980,0.119,0.842,1036333,1058320,2309550,4189307,35,23,12
KY,1982,KY1982,KY2,0.014,0.789,0.061,0.875,0.077,0.978,0.050,0.802,1084063,1115064,2296629,4398253,35,20,15
KY,1984,KY1984,KY2,0.014,0.789,0.061,0.875,0.077,0.978,0.050,0.802,1084063,1115064,2296629,4398253,35,20,15
KY,1986,KY1986,KY2,0.014,0.789,0.061,0.875,0.077,0.978,0.050,0.802,1084063,1115064,2296629,4398253,35,20,15
KY,1988,KY1988,KY2,0.014,0.789,0.061,0.875,0.077,0.978,0.050,0.802,1084063,1115064,2296629,4398253,35,20,15
KY,1990,KY1990,KY2,0.014,0.789,0.061,0.875,0.077,0.978,0.050,0.802,1084063,1115064,2296629,4398253,35,20,15
MA,1972,MA1972,MA1,0.094,0.936,0.127,0.950,0.069,0.958,0.518,0.977,1982374,2861606,5942400,9778279,60,49,11
MA,1974,MA1974,MA1,0.094,0.936,0.127,0.950,0.069,0.958,0.518,0.977,1982374,2861606,5942400,9778279,60,49,11
MA,1976,MA1976,MA1,0.094,0.936,0.127,0.950,0.069,0.958,0.518,0.977,1982374,2861606,5942400,9778279,60,49,11
MA,1978,MA1978,MA1,0.094,0.936,0.127,0.950,0.069,0.958,0.518,0.977,1982374,2861606,5942400,9778279,60,49,11
MA,1980,MA1980,MA1,0.094,0.936,0.127,0.950,0.069,0.958,0.518,0.977,1982374,2861606,5942400,9778279,60,49,11
MA,1982,MA1982,MA2,0.137,0.970,0.166,0.980,0.037,0.880,0.703,0.997,1808627,3180932,6427575,9979117,55,51,4
MA,1984,MA1984,MA2,0.137,0.970,0.166,0.980,0.037,0.880,0.703,0.997,1808627,3180932,6427575,9979117,55,51,4
MA,1986,MA1986,MA2,0.137,0.970,0.166,0.980,0.037,0.880,0.703,0.997,1808627,3180932,6427575,9979117,55,51,4
MA,1988,MA1988,MA2,0.137,0.970,0.166,0.980,0.037,0.880,0.703,0.997,1808627,3180932,6427575,9979117,55,51,4
MA,1990,MA1990,MA2,0.137,0.970,0.166,0.980,0.037,0.880,0.703,0.997,1808627,3180932,6427575,9979117,55,51,4
MA,1992,MA1992,MA3,0.086,0.928,0.045,0.848,0.021,0.820,-0.032,0.777,2277027,3097775,7161626,10749604,50,46,4
MA,1994,MA1994,MA3,0.086,0.928,0.045,0.848,0.021,0.820,-0.032,0.777,2277027,3097775,7161626,10749604,50,46,4
MA,1996,MA1996,MA3,0.086,0.928,0.045,0.848,0.021,0.820,-0.032,0.777,2277027,3097775,7161626,10749604,50,46,4
MA,1998,MA1998,MA3,0.086,0.928,0.045,0.848,0.021,0.820,-0.032,0.777,2277027,3097775,7161626,10749604,50,46,4
MA,2000,MA2000,MA3,0.086,0.928,0.045,0.848,0.021,0.820,-0.032,0.777,2277027,3097775,7161626,10749604,50,46,4
MA,2002,MA2002,MA4,0.109,0.953,-0.055,0.864,-0.013,0.797,,0.000,2135560,3304180,7575300,10879479,50,50,0
MA,2004,MA2004,MA4,0.109,0.953,-0.055,0.864,-0.013,0.797,,0.000,2135560,3304180,7575300,10879479,50,50,0
MA,2006,MA2006,MA4,0.109,0.953,-0.055,0.864,-0.013,0.797,,0.000,2135560,3304180,7575300,10879479,50,50,0
MA,2008,MA2008,MA4,0.109,0.953,-0.055,0.864,-0.013,0.797,,0.000,2135560,3304180,7575300,10879479,50,50,0
MA,2010,MA2010,MA4,0.109,0.953,-0.055,0.864,-0.013,0.797,,0.000,2135560,3304180,7575300,10879479,50,50,0
MA,2012,MA2012,MA5,0.135,0.969,-0.074,0.892,-0.022,0.827,,0.000,2707473,4654157,10069103,14723261,45,45,0
MA,2014,MA2014,MA5,0.135,0.969,-0.074,0.892,-0.022,0.827,,0.000,2707473,4654157,10069103,14723261,45,45,0
MA,2016,MA2016,MA5,0.135,0.969,-0.074,0.892,-0.022,0.827,,0.000,2707473,4654157,10069103,14723261,45,45,0
MA,2018,MA2018,MA5,0.135,0.969,-0.074,0.892,-0.022,0.827,,0.000,2707473,4654157,10069103,14723261,45,45,0
MA,2020,MA2020,MA5,0.135,0.969,-0.074,0.892,-0.022,0.827,,0.000,2707473,4654157,10069103,14723261,45,45,0
MA,2022,MA2022,MA6,0.167,0.986,-0.096,0.917,-0.033,0.869,,0.000,399499,801164,1600162,2401326,9,9,0
MD,1972,MD1972,MD1,-0.017,0.795,0.043,0.844,0.013,0.798,0.044,0.792,1516871,1339985,3398982,5713712,40,27,13
MD,1974,MD1974,MD1,-0.017,0.795,0.043,0.844,0.013,0.798,0.044,0.792,1516871,1339985,3398982,5713712,40,27,13
MD,1976,MD1976,MD1,-0.017,0.795,0.043,0.844,0.013,0.798,0.044,0.792,1516871,1339985,3398982,5713712,40,27,13
MD,1978,MD1978,MD1,-0.017,0.795,0.043,0.844,0.013,0.798,0.044,0.792,1516871,1339985,3398982,5713712,40,27,13
MD,1980,MD1980,MD1,-0.017,0.795,0.043,0.844,0.013,0.798,0.044,0.792,1516871,1339985,3398982,5713712,40,27,13
MD,1982,MD1982,MD2,0.027,0.817,0.105,0.927,0.051,0.922,0.154,0.861,1617168,1534698,3853398,6303731,40,30,10
MD,1984,MD1984,MD2,0.027,0.817,0.105,0.927,0.051,0.922,0.154,0.861,1617168,1534698,3853398,6303731,40,30,10
MD,1986,MD1986,MD2,0.027,0.817,0.105,0.927,0.051,0.922,0.154,0.861,1617168,1534698,3853398,6303731,40,30,10
MD,1988,MD1988,MD2,0.027,0.817,0.105,0.927,0.051,0.922,0.154,0.861,1617168,1534698,3853398,6303731,40,30,10
MD,1990,MD1990,MD2,0.027,0.817,0.105,0.927,0.051,0.922,0.154,0.861,1617168,1534698,3853398,6303731,40,30,10
MD,1992,MD1992,MD3,-0.063,0.891,-0.025,0.802,-0.045,0.908,-0.206,0.888,2572376,1513003,4357937,8170756,40,20,20
MD,1994,MD1994,MD3,-0.063,0.891,-0.025,0.802,-0.045,0.908,-0.206,0.888,2572376,1513003,4357937,8170756,40,20,20
MD,1996,MD1996,MD3,-0.063,0.891,-0.025,0.802,-0.045,0.908,-0.206,0.888,2572376,1513003,4357937,8170756,40,20,20
MD,1998,MD1998,MD3,-0.063,0.891,-0.025,0.802,-0.045,0.908,-0.206,0.888,2572376,1513003,4357937,8170756,40,20,20
MD,2000,MD2000,MD3,-0.063,0.891,-0.025,0.802,-0.045,0.908,-0.206,0.888,2572376,1513003,4357937,8170756,40,20,20
MD,2002,MD2002,MD4,0.046,0.853,0.150,0.973,0.053,0.933,0.286,0.916,2368473,2498400,6026014,9733747,40,31,9
MD,2004,MD2004,MD4,0.046,0.853,0.150,0.973,0.053,0.933,0.286,0.916,2368473,2498400,6026014,9733747,40,31,9
MD,2006,MD2006,MD4,0.046,0.853,0.150,0.973,0.053,0.933,0.286,0.916,2368473,2498400,6026014,9733747,40,31,9
MD,2008,MD2008,MD4,0.046,0.853,0.150,0.973,0.053,0.933,0.286,0.916,2368473,2498400,6026014,9733747,40,31,9
MD,2010,MD2010,MD4,0.046,0.853,0.150,0.973,0.053,0.933,0.286,0.916,2368473,2498400,6026014,9733747,40,31,9
MD,2012,MD2012,MD5,0.101,0.945,0.136,0.956,0.028,0.853,0.531,0.980,2477322,3491716,7647126,11938076,40,35,5
MD,2014,MD2014,MD5,0.101,0.945,0.136,0.956,0.028,0.853,0.531,0.980,2477322,3491716,7647126,11938076,40,35,5
MD,2016,MD2016,MD5,0.101,0.945,0.136,0.956,0.028,0.853,0.531,0.980,2477322,3491716,7647126,11938076,40,35,5
MD,2018,MD2018,MD5,0.101,0.945,0.136,0.956,0.028,0.853,0.531,0.980,2477322,3491716,7647126,11938076,40,35,5
MD,2020,MD2020,MD5,0.101,0.945,0.136,0.956,0.028,0.853,0.531,0.980,2477322,3491716,7647126,11938076,40,35,5
MD,2022,MD2022,MD6,0.077,0.914,-0.057,0.866,-0.030,0.861,0.312,0.930,1067135,1364355,3154862,4862979,16,14,2
MD,2024,MD2024,MD6,0.077,0.914,-0.057,0.866,-0.030,0.861,0.312,0.930,1067135,1364355,3154862,4862979,16,14,2
MI,1972,MI1972,MI1,0.000,0.744,-0.045,0.850,-0.042,0.894,-0.079,0.820,4124471,3559554,8323239,15368050,95,56,39
MI,1974,MI1974,MI1,0.000,0.744,-0.045,0.850,-0.042,0.894,-0.079,0.820,4124471,3559554,8323239,15368050,95,56,39
MI,1976,MI1976,MI1,0.000,0.744,-0.045,0.850,-0.042,0.894,-0.079,0.820,4124471,3559554,8323239,15368050,95,56,39
MI,1978,MI1978,MI1,0.000,0.744,-0.045,0.850,-0.042,0.894,-0.079,0.820,4124471,3559554,8323239,15368050,95,56,39
MI,1980,MI1980,MI1,0.000,0.744,-0.045,0.850,-0.042,0.894,-0.079,0.820,4124471,3559554,8323239,15368050,95,56,39
MI,1982,MI1982,MI2,0.029,0.822,0.053,0.861,0.035,0.873,0.082,0.825,3687108,3494588,7812827,14363392,90,56,34
MI,1984,MI1984,MI2,0.029,0.822,0.053,0.861,0.035,0.873,0.082,0.825,3687108,3494588,7812827,14363392,90,56,34
MI,1986,MI1986,MI2,0.029,0.822,0.053,0.861,0.035,0.873,0.082,0.825,3687108,3494588,7812827,14363392,90,56,34
MI,1988,MI1988,MI2,0.029,0.822,0.053,0.861,0.035,0.873,0.082,0.825,3687108,3494588,7812827,14363392,90,56,34
MI,1990,MI1990,MI2,0.029,0.822,0.053,0.861,0.035,0.873,0.082,0.825,3687108,3494588,7812827,14363392,90,56,34
MI,1992,MI1992,MI3,0.055,0.880,0.034,0.819,0.027,0.850,0.137,0.853,4002086,4615849,9042834,17235870,80,48,32
MI,1994,MI1994,MI3,0.055,0.880,0.034,0.819,0.027,0.850,0.137,0.853,4002086,4615849,9042834,17235870,80,48,32
MI,1996,MI1996,MI3,0.055,0.880,0.034,0.819,0.027,0.850,0.137,0.853,4002086,4615849,9042834,17235870,80,48,32
MI,1998,MI1998,MI3,0.055,0.880,0.034,0.819,0.027,0.850,0.137,0.853,4002086,4615849,9042834,17235870,80,48,32
MI,2000,MI2000,MI3,0.055,0.880,0.034,0.819,0.027,0.850,0.137,0.853,4002086,4615849,9042834,17235870,80,48,32
MI,2002,MI2002,MI4,-0.070,0.902,-0.087,0.908,-0.070,0.959,-0.311,0.928,5729504,3664172,9426227,18787352,75,32,43
MI,2004,MI2004,MI4,-0.070,0.902,-0.087,0.908,-0.070,0.959,-0.311,0.928,5729504,3664172,9426227,18787352,75,32,43
MI,2006,MI2006,MI4,-0.070,0.902,-0.087,0.908,-0.070,0.959,-0.311,0.928,5729504,3664172,9426227,18787352,75,32,43
MI,2008,MI2008,MI4,-0.070,0.902,-0.087,0.908,-0.070,0.959,-0.311,0.928,5729504,3664172,9426227,18787352,75,32,43
MI,2010,MI2010,MI4,-0.070,0.902,-0.087,0.908,-0.070,0.959,-0.311,0.928,5729504,3664172,9426227,18787352,75,32,43
MI,2012,MI2012,MI5,-0.115,0.958,-0.119,0.941,-0.061,0.944,-0.373,0.948,6619104,3993622,10921332,21225453,70,29,41
MI,2014,MI2014,MI5,-0.115,0.958,-0.119,0.941,-0.061,0.944,-0.373,0.948,6619104,3993622,10921332,21225453,70,29,41
MI,2016,MI2016,MI5,-0.115,0.958,-0.119,0.941,-0.061,0.944,-0.373,0.948,6619104,3993622,10921332,21225453,70,29,41
MI,2018,MI2018,MI5,-0.115,0.958,-0.119,0.941,-0.061,0.944,-0.373,0.948,6619104,3993622,10921332,21225453,70,29,41
MI,2020,MI2020,MI5,-0.115,0.958,-0.119,0.941,-0.061,0.944,-0.373,0.948,6619104,3993622,10921332,21225453,70,29,41
MI,2022,MI2022,MI6,-0.005,0.766,-0.007,0.763,-0.007,0.775,-0.064,0.809,2528159,2274214,4818732,9604746,26,13,13
MI,2024,MI2024,MI6,-0.005,0.766,-0.007,0.763,-0.007,0.775,-0.064,0.809,2528159,2274214,4818732,9604746,26,13,13
MN,1972,MN1972,MN1,-0.062,0.889,0.018,0.784,0.021,0.822,-0.157,0.864,2366736,1638593,4225556,8010657,40,20,20
MN,1974,MN1974,MN1,-0.062,0.889,0.018,0.784,0.021,0.822,-0.157,0.864,2366736,1638593,4225556,8010657,40,20,20
MN,1976,MN1976,MN1,-0.062,0.889,0.018,0.784,0.021,0.822,-0.157,0.864,2366736,1638593,4225556,8010657,40,20,20
MN,1978,MN1978,MN1,-0.062,0.889,0.018,0.784,0.021,0.822,-0.157,0.864,2366736,1638593,4225556,8010657,40,20,20
MN,1980,MN1980,MN1,-0.062,0.889,0.018,0.784,0.021,0.822,-0.157,0.864,2366736,1638593,4225556,8010657,40,20,20
MN,1982,MN1982,MN2,0.005,0.761,0.073,0.891,0.043,0.897,0.037,0.786,2257707,2154019,5039737,8823451,40,26,14
MN,1984,MN1984,MN2,0.005,0.761,0.073,0.891,0.043,0.897,0.037,0.786,2257707,2154019,5039737,8823451,40,26,14
MN,1986,MN1986,MN2,0.005,0.761,0.073,0.891,0.043,0.897,0.037,0.786,2257707,2154019,5039737,8823451,40,26,14
MN,1988,MN1988,MN2,0.005,0.761,0.073,0.891,0.043,0.897,0.037,0.786,2257707,2154019,5039737,8823451,40,26,14
MN,1990,MN1990,MN2,0.005,0.761,0.073,0.891,0.043,0.897,0.037,0.786,2257707,2154019,5039737,8823451,40,26,14
MN,1992,MN1992,MN3,0.133,0.966,-0.011,0.777,-0.002,0.756,0.286,0.917,392842,661601,1178072,2108886,8,6,2
MN,1994,MN1994,MN3.1,0.141,0.977,0.077,0.897,-0.004,0.758,0.287,0.920,1523864,2538865,4388459,8125458,32,23,9
MN,1996,MN1996,MN3.1,0.141,0.977,0.077,0.897,-0.004,0.758,0.287,0.920,1523864,2538865,4388459,8125458,32,23,9
MN,1998,MN1998,MN3.1,0.141,0.977,0.077,0.897,-0.004,0.758,0.287,0.920,1523864,2538865,4388459,8125458,32,23,9
MN,2000,MN2000,MN3.1,0.141,0.977,0.077,0.897,-0.004,0.758,0.287,0.920,1523864,2538865,4388459,8125458,32,23,9
MN,2002,MN2002,MN4,-0.001,0.745,0.039,0.834,0.015,0.805,-0.036,0.783,3186791,2743310,6264662,11860200,40,22,18
MN,2004,MN2004,MN4,-0.001,0.745,0.039,0.834,0.015,0.805,-0.036,0.783,3186791,2743310,6264662,11860200,40,22,18
MN,2006,MN2006,MN4,-0.001,0.745,0.039,0.834,0.015,0.805,-0.036,0.783,3186791,2743310,6264662,11860200,40,22,18
MN,2008,MN2008,MN4,-0.001,0.745,0.039,0.834,0.015,0.805,-0.036,0.783,3186791,2743310,6264662,11860200,40,22,18
MN,2010,MN2010,MN4,-0.001,0.745,0.039,0.834,0.015,0.805,-0.036,0.783,3186791,2743310,6264662,11860200,40,22,18
MN,2012,MN2012,MN5,0.041,0.847,-0.052,0.859,-0.009,0.780,0.016,0.763,3062518,3495200,6956445,13115435,40,24,16
MN,2014,MN2014,MN5,0.041,0.847,-0.052,0.859,-0.009,0.780,0.016,0.763,3062518,3495200,6956445,13115435,40,24,16
MN,2016,MN2016,MN5,0.041,0.847,-0.052,0.859,-0.009,0.780,0.016,0.763,3062518,3495200,6956445,13115435,40,24,16
MN,2018,MN2018,MN5,0.041,0.847,-0.052,0.859,-0.009,0.780,0.016,0.763,3062518,3495200,6956445,13115435,40,24,16
MN,2020,MN2020,MN5,0.041,0.847,-0.052,0.859,-0.009,0.780,0.016,0.763,3062518,3495200,6956445,13115435,40,24,16
MN,2022,MN2022,MN6,-0.015,0.794,-0.028,0.805,-0.022,0.830,-0.045,0.794,1453250,1337557,2830260,5581614,16,8,8
MN,2024,MN2024,MN6,-0.015,0.794,-0.028,0.805,-0.022,0.830,-0.045,0.794,1453250,1337557,2830260,5581614,16,8,8
MO,1972,MO1972,MO1,0.097,0.942,0.075,0.894,0.029,0.855,0.257,0.905,1802868,2458064,5059544,8521864,50,40,10
MO,1974,MO1974,MO1,0.097,0.942,0.075,0.894,0.029,0.855,0.257,0.905,1802868,2458064,5059544,8521864,50,40,10
MO,1976,MO1976,MO1,0.097,0.942,0.075,0.894,0.029,0.855,0.257,0.905,1802868,2458064,5059544,8521864,50,40,10
MO,1978,MO1978,MO1,0.097,0.942,0.075,0.894,0.029,0.855,0.257,0.905,1802868,2458064,5059544,8521864,50,40,10
MO,1980,MO1980,MO1,0.097,0.942,0.075,0.894,0.029,0.855,0.257,0.905,1802868,2458064,5059544,8521864,50,40,10
MO,1982,MO1982,MO2,0.022,0.805,0.021,0.794,0.020,0.819,-0.029,0.772,2057950,2185968,4660174,8487836,45,28,17
MO,1984,MO1984,MO2,0.022,0.805,0.021,0.794,0.020,0.819,-0.029,0.772,2057950,2185968,4660174,8487836,45,28,17
MO,1986,MO1986,MO2,0.022,0.805,0.021,0.794,0.020,0.819,-0.029,0.772,2057950,2185968,4660174,8487836,45,28,17
MO,1988,MO1988,MO2,0.022,0.805,0.021,0.794,0.020,0.819,-0.029,0.772,2057950,2185968,4660174,8487836,45,28,17
MO,1990,MO1990,MO2,0.022,0.805,0.021,0.794,0.020,0.819,-0.029,0.772,2057950,2185968,4660174,8487836,45,28,17
MO,1992,MO1992,MO3,0.018,0.797,0.054,0.863,0.025,0.844,-0.014,0.758,2459753,2441073,5203145,9801652,45,26,19
MO,1994,MO1994,MO3,0.018,0.797,0.054,0.863,0.025,0.844,-0.014,0.758,2459753,2441073,5203145,9801652,45,26,19
MO,1996,MO1996,MO3,0.018,0.797,0.054,0.863,0.025,0.844,-0.014,0.758,2459753,2441073,5203145,9801652,45,26,19
MO,1998,MO1998,MO3,0.018,0.797,0.054,0.863,0.025,0.844,-0.014,0.758,2459753,2441073,5203145,9801652,45,26,19
MO,2000,MO2000,MO3,0.018,0.797,0.054,0.863,0.025,0.844,-0.014,0.758,2459753,2441073,5203145,9801652,45,26,19
MO,2002,MO2002,MO4,-0.005,0.764,-0.052,0.858,-0.087,0.989,-0.077,0.817,2918884,2591620,5141567,11021007,45,19,26
MO,2004,MO2004,MO4,-0.005,0.764,-0.052,0.858,-0.087,0.989,-0.077,0.817,2918884,2591620,5141567,11021007,45,19,26
MO,2006,MO2006,MO4,-0.005,0.764,-0.052,0.858,-0.087,0.989,-0.077,0.817,2918884,2591620,5141567,11021007,45,19,26
MO,2008,MO2008,MO4,-0.005,0.764,-0.052,0.858,-0.087,0.989,-0.077,0.817,2918884,2591620,5141567,11021007,45,19,26
MO,2010,MO2010,MO4,-0.005,0.764,-0.052,0.858,-0.087,0.989,-0.077,0.817,2918884,2591620,5141567,11021007,45,19,26
MO,2012,MO2012,MO5,-0.069,0.898,-0.186,0.986,-0.092,0.997,-0.367,0.947,3493447,2422510,4874564,11831914,40,10,30
MO,2014,MO2014,MO5,-0.069,0.898,-0.186,0.986,-0.092,0.997,-0.367,0.947,3493447,2422510,4874564,11831914,40,10,30
MO,2016,MO2016,MO5,-0.069,0.898,-0.186,0.986,-0.092,0.997,-0.367,0.947,3493447,2422510,4874564,11831914,40,10,30
MO,2018,MO2018,MO5,-0.069,0.898,-0.186,0.986,-0.092,0.997,-0.367,0.947,3493447,2422510,4874564,11831914,40,10,30
MO,2020,MO2020,MO5,-0.069,0.898,-0.186,0.986,-0.092,0.997,-0.367,0.947,3493447,2422510,4874564,11831914,40,10,30
MO,2022,MO2022,MO6,-0.041,0.845,-0.148,0.969,-0.087,0.991,-0.355,0.942,1393477,1031184,1918009,4849322,16,4,12
MO,2024,MO2024,MO6,-0.041,0.845,-0.148,0.969,-0.087,0.991,-0.355,0.942,1393477,1031184,1918009,4849322,16,4,12
NC,1972,NC1972,NC1,0.103,0.947,0.034,0.817,0.020,0.817,0.205,0.886,1467980,1943827,3872795,6823613,55,41,14
NC,1974,NC1974,NC1,0.103,0.947,0.034,0.817,0.020,0.817,0.205,0.886,1467980,1943827,3872795,6823613,55,41,14
NC,1976,NC1976,NC1,0.103,0.947,0.034,0.817,0.020,0.817,0.205,0.886,1467980,1943827,3872795,6823613,55,41,14
NC,1978,NC1978,NC1,0.103,0.947,0.034,0.817,0.020,0.817,0.205,0.886,1467980,1943827,3872795,6823613,55,41,14
NC,1980,NC1980,NC1,0.103,0.947,0.034,0.817,0.020,0.817,0.205,0.886,1467980,1943827,3872795,6823613,55,41,14
NC,1982,NC1982,NC2,0.095,0.938,0.001,0.747,-0.005,0.761,0.122,0.845,1936735,2642480,4982202,9158430,55,38,17
NC,1984,NC1984,NC2,0.095,0.938,0.001,0.747,-0.005,0.761,0.122,0.845,1936735,2642480,4982202,9158430,55,38,17
NC,1986,NC1986,NC2,0.095,0.938,0.001,0.747,-0.005,0.761,0.122,0.845,1936735,2642480,4982202,9158430,55,38,17
NC,1988,NC1988,NC2,0.095,0.938,0.001,0.747,-0.005,0.761,0.122,0.845,1936735,2642480,4982202,9158430,55,38,17
NC,1990,NC1990,NC2,0.095,0.938,0.001,0.747,-0.005,0.761,0.122,0.845,1936735,2642480,4982202,9158430,55,38,17
NC,1992,NC1992,NC3,0.060,0.883,0.045,0.847,0.011,0.789,0.128,0.852,1546488,1758585,3136257,6610145,36,18,18
NC,1994,NC1994,NC3,0.060,0.883,0.045,0.847,0.011,0.789,0.128,0.852,1546488,1758585,3136257,6610145,36,18,18
NC,1996,NC1996,NC3,0.060,0.883,0.045,0.847,0.011,0.789,0.128,0.852,1546488,1758585,3136257,6610145,36,18,18
NC,1998,NC1998,NC3.1,-0.006,0.770,0.000,0.000,0.000,0.744,0.012,0.756,451164,472000,851863,1846327,12,5,7
NC,2000,NC2000,NC3.2,-0.042,0.848,-0.061,0.873,-0.035,0.872,-0.113,0.839,706201,650570,1300313,2713542,12,5,7
NC,2002,NC2002,NC4,0.026,0.813,0.033,0.814,0.021,0.823,0.055,0.805,3450857,3771450,7265718,14444615,65,34,31
NC,2004,NC2004,NC4,0.026,0.813,0.033,0.814,0.021,0.823,0.055,0.805,3450857,3771450,7265718,14444615,65,34,31
NC,2006,NC2006,NC4,0.026,0.813,0.033,0.814,0.021,0.823,0.055,0.805,3450857,3771450,7265718,14444615,65,34,31
NC,2008,NC2008,NC4,0.026,0.813,0.033,0.814,0.021,0.823,0.055,0.805,3450857,3771450,7265718,14444615,65,34,31
NC,2010,NC2010,NC4,0.026,0.813,0.033,0.814,0.021,0.823,0.055,0.805,3450857,3771450,7265718,14444615,65,34,31
NC,2012,NC2012,NC5,-0.204,0.997,-0.245,1.000,-0.075,0.970,-0.633,0.989,2581930,1033214,3551135,7230289,26,7,19
NC,2014,NC2014,NC5,-0.204,0.997,-0.245,1.000,-0.075,0.970,-0.633,0.989,2581930,1033214,3551135,7230289,26,7,19
NC,2016,NC2016,NC5.1,-0.241,1.000,-0.220,0.994,-0.052,0.927,-0.688,0.994,3033013,1124318,4024013,8314662,26,6,20
NC,2018,NC2018,NC5.1,-0.241,1.000,-0.220,0.994,-0.052,0.927,-0.688,0.994,3033013,1124318,4024013,8314662,26,6,20
NC,2020,NC2020,NC5.2,-0.088,0.933,-0.080,0.902,-0.037,0.881,-0.216,0.892,1535844,1129343,2592773,5330375,13,5,8
NC,2022,NC2022,NC6,0.043,0.852,0.006,0.759,0.007,0.767,0.126,0.848,865538,1010500,1795170,3752076,14,7,7
NC,2024,NC2024,NC6.1,-0.174,0.989,-0.227,0.998,-0.066,0.950,-0.505,0.972,1863551,876745,2630603,5480591,14,4,10
NJ,1972,NJ1972,NJ1,0.061,0.888,0.016,0.783,0.012,0.795,0.002,0.748,2834443,3248625,6576840,12166136,75,49,26
NJ,1974,NJ1974,NJ1,0.061,0.888,0.016,0.783,0.012,0.795,0.002,0.748,2834443,3248625,6576840,12166136,75,49,26
NJ,1976,NJ1976,NJ1,0.061,0.888,0.016,0.783,0.012,0.795,0.002,0.748,2834443,3248625,6576840,12166136,75,49,26
NJ,1978,NJ1978,NJ1,0.061,0.888,0.016,0.783,0.012,0.795,0.002,0.748,2834443,3248625,6576840,12166136,75,49,26
NJ,1980,NJ1980,NJ1,0.061,0.888,0.016,0.783,0.012,0.795,0.002,0.748,2834443,3248625,6576840,12166136,75,49,26
NJ,1982,NJ1982,NJ2,0.006,0.769,0.065,0.880,0.054,0.936,-0.004,0.750,557077,503867,1206416,2121888,14,9,5
NJ,1984,NJ1984,NJ2.1,0.097,0.944,0.047,0.853,0.047,0.914,0.162,0.866,2086159,2451942,4427785,9076201,56,32,24
NJ,1986,NJ1986,NJ2.1,0.097,0.944,0.047,0.853,0.047,0.914,0.162,0.866,2086159,2451942,4427785,9076201,56,32,24
NJ,1988,NJ1988,NJ2.1,0.097,0.944,0.047,0.853,0.047,0.914,0.162,0.866,2086159,2451942,4427785,9076201,56,32,24
NJ,1990,NJ1990,NJ2.1,0.097,0.944,0.047,0.853,0.047,0.914,0.162,0.866,2086159,2451942,4427785,9076201,56,32,24
NJ,1992,NJ1992,NJ3,0.013,0.786,-0.034,0.820,-0.032,0.866,-0.102,0.834,3334297,2799350,6021146,12267293,65,32,33
NJ,1994,NJ1994,NJ3,0.013,0.786,-0.034,0.820,-0.032,0.866,-0.102,0.834,3334297,2799350,6021146,12267293,65,32,33
NJ,1996,NJ1996,NJ3,0.013,0.786,-0.034,0.820,-0.032,0.866,-0.102,0.834,3334297,2799350,6021146,12267293,65,32,33
NJ,1998,NJ1998,NJ3,0.013,0.786,-0.034,0.820,-0.032,0.866,-0.102,0.834,3334297,2799350,6021146,12267293,65,32,33
NJ,2000,NJ2000,NJ3,0.013,0.786,-0.034,0.820,-0.032,0.866,-0.102,0.834,3334297,2799350,6021146,12267293,65,32,33
NJ,2002,NJ2002,NJ4,-0.002,0.750,0.031,0.809,0.052,0.928,-0.108,0.838,3662113,2732642,6794153,12789510,65,36,29
NJ,2004,NJ2004,NJ4,-0.002,0.750,0.031,0.809,0.052,0.928,-0.108,0.838,3662113,2732642,6794153,12789510,65,36,29
NJ,2006,NJ2006,NJ4,-0.002,0.750,0.031,0.809,0.052,0.928,-0.108,0.838,3662113,2732642,6794153,12789510,65,36,29
NJ,2008,NJ2008,NJ4,-0.002,0.750,0.031,0.809,0.052,0.928,-0.108,0.838,3662113,2732642,6794153,12789510,65,36,29
NJ,2010,NJ2010,NJ4,-0.002,0.750,0.031,0.809,0.052,0.928,-0.108,0.838,3662113,2732642,6794153,12789510,65,36,29
NJ,2012,NJ2012,NJ5,0.048,0.855,-0.020,0.786,-0.020,0.814,0.038,0.788,3787075,4119354,8926040,15812858,60,40,20
NJ,2014,NJ2014,NJ5,0.048,0.855,-0.020,0.786,-0.020,0.814,0.038,0.788,3787075,4119354,8926040,15812858,60,40,20
NJ,2016,NJ2016,NJ5,0.048,0.855,-0.020,0.786,-0.020,0.814,0.038,0.788,3787075,4119354,8926040,15812858,60,40,20
NJ,2018,NJ2018,NJ5,0.048,0.855,-0.020,0.786,-0.020,0.814,0.038,0.788,3787075,4119354,8926040,15812858,60,40,20
NJ,2020,NJ2020,NJ5,0.048,0.855,-0.020,0.786,-0.020,0.814,0.038,0.788,3787075,4119354,8926040,15812858,60,40,20
NJ,2022,NJ2022,NJ6,0.165,0.984,0.042,0.838,0.007,0.770,0.288,0.922,1258582,1996731,3523281,6510625,24,18,6
NJ,2024,NJ2024,NJ6,0.165,0.984,0.042,0.838,0.007,0.770,0.288,0.922,1258582,1996731,3523281,6510625,24,18,6
NY,1972,NY1972,NY1,0.053,0.867,0.003,0.753,0.006,0.766,0.015,0.761,1636020,1515664,3188013,6303368,39,22,17
NY,1974,NY1974,NY1.1,0.054,0.875,0.006,0.758,-0.001,0.748,0.068,0.813,5234712,4683208,10903452,19835840,156,102,54
NY,1976,NY1976,NY1.1,0.054,0.875,0.006,0.758,-0.001,0.748,0.068,0.813,5234712,4683208,10903452,19835840,156,102,54
NY,1978,NY1978,NY1.1,0.054,0.875,0.006,0.758,-0.001,0.748,0.068,0.813,5234712,4683208,10903452,19835840,156,102,54
NY,1980,NY1980,NY1.1,0.054,0.875,0.006,0.758,-0.001,0.748,0.068,0.813,5234712,4683208,10903452,19835840,156,102,54
NY,1982,NY1982,NY2,0.029,0.820,0.020,0.789,0.019,0.809,-0.012,0.755,6234472,5312406,12266822,23093755,170,101,69
NY,1984,NY1984,NY2,0.029,0.820,0.020,0.789,0.019,0.809,-0.012,0.755,6234472,5312406,12266822,23093755,170,101,69
NY,1986,NY1986,NY2,0.029,0.820,0.020,0.789,0.019,0.809,-0.012,0.755,6234472,5312406,12266822,23093755,170,101,69
NY,1988,NY1988,NY2,0.029,0.820,0.020,0.789,0.019,0.809,-0.012,0.755,6234472,5312406,12266822,23093755,170,101,69
NY,1990,NY1990,NY2,0.029,0.820,0.020,0.789,0.019,0.809,-0.012,0.755,6234472,5312406,12266822,23093755,170,101,69
NY,1992,NY1992,NY3,0.022,0.800,-0.038,0.830,-0.015,0.802,-0.118,0.841,4279151,3424595,8102304,15407492,93,53,40
NY,1994,NY1994,NY3,0.022,0.800,-0.038,0.830,-0.015,0.802,-0.118,0.841,4279151,3424595,8102304,15407492,93,53,40
NY,1996,NY1996,NY3,0.022,0.800,-0.038,0.830,-0.015,0.802,-0.118,0.841,4279151,3424595,8102304,15407492,93,53,40
NY,1998,NY1998,NY3.1,0.004,0.758,0.043,0.841,0.048,0.916,0.010,0.753,2670792,2109991,5303438,9561565,62,38,24
NY,2000,NY2000,NY3.1,0.004,0.758,0.043,0.841,0.048,0.916,0.010,0.753,2670792,2109991,5303438,9561565,62,38,24
NY,2002,NY2002,NY4,0.033,0.828,0.032,0.811,0.024,0.842,0.119,0.844,6253411,5916218,14973403,24339259,145,109,36
NY,2004,NY2004,NY4,0.033,0.828,0.032,0.811,0.024,0.842,0.119,0.844,6253411,5916218,14973403,24339259,145,109,36
NY,2006,NY2006,NY4,0.033,0.828,0.032,0.811,0.024,0.842,0.119,0.844,6253411,5916218,14973403,24339259,145,109,36
NY,2008,NY2008,NY4,0.033,0.828,0.032,0.811,0.024,0.842,0.119,0.844,6253411,5916218,14973403,24339259,145,109,36
NY,2010,NY2010,NY4,0.033,0.828,0.032,0.811,0.024,0.842,0.119,0.844,6253411,5916218,14973403,24339259,145,109,36
NY,2012,NY2012,NY5,-0.025,0.811,-0.023,0.798,-0.022,0.833,-0.150,0.859,8835424,6959042,19769452,31588931,135,97,38
NY,2014,NY2014,NY5,-0.025,0.811,-0.023,0.798,-0.022,0.833,-0.150,0.859,8835424,6959042,19769452,31588931,135,97,38
NY,2016,NY2016,NY5,-0.025,0.811,-0.023,0.798,-0.022,0.833,-0.150,0.859,8835424,6959042,19769452,31588931,135,97,38
NY,2018,NY2018,NY5,-0.025,0.811,-0.023,0.798,-0.022,0.833,-0.150,0.859,8835424,6959042,19769452,31588931,135,97,38
NY,2020,NY2020,NY5,-0.025,0.811,-0.023,0.798,-0.022,0.833,-0.150,0.859,8835424,6959042,19769452,31588931,135,97,38
NY,2022,NY2022,NY6,-0.032,0.827,-0.035,0.822,-0.046,0.909,-0.312,0.931,1791184,1095504,3201108,5773376,26,15,11
NY,2024,NY2024,NY6.1,0.083,0.922,-0.007,0.761,0.011,0.786,0.238,0.902,1813503,2132189,4527087,7891383,26,19,7
OH,1972,OH1972,OH1,-0.049,0.863,-0.078,0.898,-0.050,0.919,-0.305,0.925,4867309,3708210,8037406,17151039,115,45,70
OH,1974,OH1974,OH1,-0.049,0.863,-0.078,0.898,-0.050,0.919,-0.305,0.925,4867309,3708210,8037406,17151039,115,45,70
OH,1976,OH1976,OH1,-0.049,0.863,-0.078,0.898,-0.050,0.919,-0.305,0.925,4867309,3708210,8037406,17151039,115,45,70
OH,1978,OH1978,OH1,-0.049,0.863,-0.078,0.898,-0.050,0.919,-0.305,0.925,4867309,3708210,8037406,17151039,115,45,70
OH,1980,OH1980,OH1,-0.049,0.863,-0.078,0.898,-0.050,0.919,-0.305,0.925,4867309,3708210,8037406,17151039,115,45,70
OH,1982,OH1982,OH2,-0.003,0.755,0.000,0.745,0.001,0.752,-0.061,0.808,1887901,1836650,3706695,7449102,42,21,21
OH,1984,OH1984,OH2,-0.003,0.755,0.000,0.745,0.001,0.752,-0.061,0.808,1887901,1836650,3706695,7449102,42,21,21
OH,1986,OH1986,OH2.1,0.003,0.753,0.009,0.772,0.022,0.831,0.014,0.759,2722555,2686224,5528618,10817558,63,33,30
OH,1988,OH1988,OH2.1,0.003,0.753,0.009,0.772,0.022,0.831,0.014,0.759,2722555,2686224,5528618,10817558,63,33,30
OH,1990,OH1990,OH2.1,0.003,0.753,0.009,0.772,0.022,0.831,0.014,0.759,2722555,2686224,5528618,10817558,63,33,30
OH,1992,OH1992,OH3,-0.022,0.802,-0.038,0.831,-0.030,0.858,-0.165,0.870,5252320,4614235,9341613,19733110,95,40,55
OH,1994,OH1994,OH3,-0.022,0.802,-0.038,0.831,-0.030,0.858,-0.165,0.870,5252320,4614235,9341613,19733110,95,40,55
OH,1996,OH1996,OH3,-0.022,0.802,-0.038,0.831,-0.030,0.858,-0.165,0.870,5252320,4614235,9341613,19733110,95,40,55
OH,1998,OH1998,OH3,-0.022,0.802,-0.038,0.831,-0.030,0.858,-0.165,0.870,5252320,4614235,9341613,19733110,95,40,55
OH,2000,OH2000,OH3,-0.022,0.802,-0.038,0.831,-0.030,0.858,-0.165,0.870,5252320,4614235,9341613,19733110,95,40,55
OH,2002,OH2002,OH4,-0.082,0.920,-0.102,0.922,-0.053,0.930,-0.345,0.936,6343444,4271746,10276000,21230380,90,34,56
OH,2004,OH2004,OH4,-0.082,0.920,-0.102,0.922,-0.053,0.930,-0.345,0.936,6343444,4271746,10276000,21230380,90,34,56
OH,2006,OH2006,OH4,-0.082,0.920,-0.102,0.922,-0.053,0.930,-0.345,0.936,6343444,4271746,10276000,21230380,90,34,56
OH,2008,OH2008,OH4,-0.082,0.920,-0.102,0.922,-0.053,0.930,-0.345,0.936,6343444,4271746,10276000,21230380,90,34,56
OH,2010,OH2010,OH4,-0.082,0.920,-0.102,0.922,-0.053,0.930,-0.345,0.936,6343444,4271746,10276000,21230380,90,34,56
OH,2012,OH2012,OH5,-0.141,0.978,-0.197,0.989,-0.067,0.953,-0.609,0.988,7799942,3861448,10415095,23322781,80,20,60
OH,2014,OH2014,OH5,-0.141,0.978,-0.197,0.989,-0.067,0.953,-0.609,0.988,7799942,3861448,10415095,23322781,80,20,60
OH,2016,OH2016,OH5,-0.141,0.978,-0.197,0.989,-0.067,0.953,-0.609,0.988,7799942,3861448,10415095,23322781,80,20,60
OH,2018,OH2018,OH5,-0.141,0.978,-0.197,0.989,-0.067,0.953,-0.609,0.988,7799942,3861448,10415095,23322781,80,20,60
OH,2020,OH2020,OH5,-0.141,0.978,-0.197,0.989,-0.067,0.953,-0.609,0.988,7799942,3861448,10415095,23322781,80,20,60
OH,2022,OH2022,OH6,-0.036,0.838,-0.103,0.923,-0.047,0.913,-0.167,0.875,2594467,2165829,4138475,9520591,30,10,20
OH,2024,OH2024,OH6,-0.036,0.838,-0.103,0.923,-0.047,0.913,-0.167,0.875,2594467,2165829,4138475,9520591,30,10,20
PA,1972,PA1972,PA1,0.023,0.808,0.027,0.803,0.024,0.841,0.081,0.823,4807064,5149594,10455769,20004166,125,71,54
PA,1974,PA1974,PA1,0.023,0.808,0.027,0.803,0.024,0.841,0.081,0.823,4807064,5149594,10455769,20004166,125,71,54
PA,1976,PA1976,PA1,0.023,0.808,0.027,0.803,0.024,0.841,0.081,0.823,4807064,5149594,10455769,20004166,125,71,54
PA,1978,PA1978,PA1,0.023,0.808,0.027,0.803,0.024,0.841,0.081,0.823,4807064,5149594,10455769,20004166,125,71,54
PA,1980,PA1980,PA1,0.023,0.808,0.027,0.803,0.024,0.841,0.081,0.823,4807064,5149594,10455769,20004166,125,71,54
PA,1982,PA1982,PA2,-0.015,0.791,0.008,0.769,0.018,0.808,-0.022,0.767,4758608,4651935,9829421,18821086,115,61,54
PA,1984,PA1984,PA2,-0.015,0.791,0.008,0.769,0.018,0.808,-0.022,0.767,4758608,4651935,9829421,18821086,115,61,54
PA,1986,PA1986,PA2,-0.015,0.791,0.008,0.769,0.018,0.808,-0.022,0.767,4758608,4651935,9829421,18821086,115,61,54
PA,1988,PA1988,PA2,-0.015,0.791,0.008,0.769,0.018,0.808,-0.022,0.767,4758608,4651935,9829421,18821086,115,61,54
PA,1990,PA1990,PA2,-0.015,0.791,0.008,0.769,0.018,0.808,-0.022,0.767,4758608,4651935,9829421,18821086,115,61,54
PA,1992,PA1992,PA3,-0.003,0.756,-0.006,0.756,-0.005,0.763,-0.031,0.775,5088846,4729930,10010866,19637554,105,54,51
PA,1994,PA1994,PA3,-0.003,0.756,-0.006,0.756,-0.005,0.763,-0.031,0.775,5088846,4729930,10010866,19637554,105,54,51
PA,1996,PA1996,PA3,-0.003,0.756,-0.006,0.756,-0.005,0.763,-0.031,0.775,5088846,4729930,10010866,19637554,105,54,51
PA,1998,PA1998,PA3,-0.003,0.756,-0.006,0.756,-0.005,0.763,-0.031,0.775,5088846,4729930,10010866,19637554,105,54,51
PA,2000,PA2000,PA3,-0.003,0.756,-0.006,0.756,-0.005,0.763,-0.031,0.775,5088846,4729930,10010866,19637554,105,54,51
PA,2002,PA2002,PA4,-0.055,0.877,-0.092,0.916,-0.049,0.917,-0.237,0.900,6148570,4812720,11239184,21922581,95,44,51
PA,2004,PA2004,PA4,-0.055,0.877,-0.092,0.916,-0.049,0.917,-0.237,0.900,6148570,4812720,11239184,21922581,95,44,51
PA,2006,PA2006,PA4,-0.055,0.877,-0.092,0.916,-0.049,0.917,-0.237,0.900,6148570,4812720,11239184,21922581,95,44,51
PA,2008,PA2008,PA4,-0.055,0.877,-0.092,0.916,-0.049,0.917,-0.237,0.900,6148570,4812720,11239184,21922581,95,44,51
PA,2010,PA2010,PA4,-0.055,0.877,-0.092,0.916,-0.049,0.917,-0.237,0.900,6148570,4812720,11239184,21922581,95,44,51
PA,2012,PA2012,PA5,-0.193,0.995,-0.204,0.992,-0.076,0.973,-0.687,0.992,5245531,2196286,7263786,14883635,54,15,39
PA,2014,PA2014,PA5,-0.193,0.995,-0.204,0.992,-0.076,0.973,-0.687,0.992,5245531,2196286,7263786,14883635,54,15,39
PA,2016,PA2016,PA5,-0.193,0.995,-0.204,0.992,-0.076,0.973,-0.687,0.992,5245531,2196286,7263786,14883635,54,15,39
PA,2018,PA2018,PA5.1,-0.034,0.831,-0.043,0.842,-0.010,0.784,-0.078,0.819,3034388,2846963,6037537,11762703,36,18,18
PA,2020,PA2020,PA5.1,-0.034,0.831,-0.043,0.842,-0.010,0.784,-0.078,0.819,3034388,2846963,6037537,11762703,36,18,18
PA,2022,PA2022,PA6,-0.002,0.748,0.000,0.744,0.009,0.781,-0.045,0.795,3110496,2914087,5852851,12049166,34,16,18
PA,2024,PA2024,PA6,-0.002,0.748,0.000,0.744,0.009,0.781,-0.045,0.795,3110496,2914087,5852851,12049166,34,16,18
SC,2012,SC2012,SC5,-0.178,0.991,-0.173,0.981,-0.039,0.886,-0.525,0.978,3221131,1410012,3943766,9262285,35,6,29
SC,2014,SC2014,SC5,-0.178,0.991,-0.173,0.981,-0.039,0.886,-0.525,0.978,3221131,1410012,3943766,9262285,35,6,29
SC,2016,SC2016,SC5,-0.178,0.991,-0.173,0.981,-0.039,0.886,-0.525,0.978,3221131,1410012,3943766,9262285,35,6,29
SC,2018,SC2018,SC5,-0.178,0.991,-0.173,0.981,-0.039,0.886,-0.525,0.978,3221131,1410012,3943766,9262285,35,6,29
SC,2020,SC2020,SC5,-0.178,0.991,-0.173,0.981,-0.039,0.886,-0.525,0.978,3221131,1410012,3943766,9262285,35,6,29
SC,2022,SC2022,SC6,-0.148,0.980,-0.110,0.931,-0.023,0.836,-0.447,0.967,1377093,684225,1629702,4122637,14,2,12
SC,2024,SC2024,SC6,-0.148,0.980,-0.110,0.931,-0.023,0.836,-0.447,0.967,1377093,684225,1629702,4122637,14,2,12
TN,1972,TN1972,TN1,-0.004,0.759,-0.091,0.913,-0.043,0.902,-0.090,0.828,575128,455074,1030424,2060404,16,8,8
TN,1974,TN1974,TN1,-0.004,0.759,-0.091,0.913,-0.043,0.902,-0.090,0.828,575128,455074,1030424,2060404,16,8,8
TN,1976,TN1976,TN1.1,0.054,0.873,0.117,0.939,0.086,0.988,0.147,0.858,856914,924325,1915908,3562478,24,15,9
TN,1978,TN1978,TN1.1,0.054,0.873,0.117,0.939,0.086,0.988,0.147,0.858,856914,924325,1915908,3562478,24,15,9
TN,1980,TN1980,TN1.1,0.054,0.873,0.117,0.939,0.086,0.988,0.147,0.858,856914,924325,1915908,3562478,24,15,9
TN,1982,TN1982,TN2,0.053,0.872,0.116,0.938,0.070,0.961,0.230,0.897,1244475,1572067,3125614,5633084,45,30,15
TN,1984,TN1984,TN2,0.053,0.872,0.116,0.938,0.070,0.961,0.230,0.897,1244475,1572067,3125614,5633084,45,30,15
TN,1986,TN1986,TN2,0.053,0.872,0.116,0.938,0.070,0.961,0.230,0.897,1244475,1572067,3125614,5633084,45,30,15
TN,1988,TN1988,TN2,0.053,0.872,0.116,0.938,0.070,0.961,0.230,0.897,1244475,1572067,3125614,5633084,45,30,15
TN,1990,TN1990,TN2,0.053,0.872,0.116,0.938,0.070,0.961,0.230,0.897,1244475,1572067,3125614,5633084,45,30,15
TN,1992,TN1992,TN3,0.009,0.780,-0.007,0.764,-0.047,0.911,0.007,0.752,1817235,1909280,3661358,7453031,45,22,23
TN,1994,TN1994,TN3,0.009,0.780,-0.007,0.764,-0.047,0.911,0.007,0.752,1817235,1909280,3661358,7453031,45,22,23
TN,1996,TN1996,TN3,0.009,0.780,-0.007,0.764,-0.047,0.911,0.007,0.752,1817235,1909280,3661358,7453031,45,22,23
TN,1998,TN1998,TN3,0.009,0.780,-0.007,0.764,-0.047,0.911,0.007,0.752,1817235,1909280,3661358,7453031,45,22,23
TN,2000,TN2000,TN3,0.009,0.780,-0.007,0.764,-0.047,0.911,0.007,0.752,1817235,1909280,3661358,7453031,45,22,23
TN,2002,TN2002,TN4,0.060,0.884,0.023,0.800,0.052,0.925,0.046,0.797,2098898,2432518,4240430,9062832,45,22,23
TN,2004,TN2004,TN4,0.060,0.884,0.023,0.800,0.052,0.925,0.046,0.797,2098898,2432518,4240430,9062832,45,22,23
TN,2006,TN2006,TN4,0.060,0.884,0.023,0.800,0.052,0.925,0.046,0.797,2098898,2432518,4240430,9062832,45,22,23
TN,2008,TN2008,TN4,0.060,0.884,0.023,0.800,0.052,0.925,0.046,0.797,2098898,2432518,4240430,9062832,45,22,23
TN,2010,TN2010,TN4,0.060,0.884,0.023,0.800,0.052,0.925,0.046,0.797,2098898,2432518,4240430,9062832,45,22,23
TN,2012,TN2012,TN5,-0.027,0.816,-0.223,0.997,-0.085,0.986,-0.416,0.963,2940276,2498656,4083730,10877865,45,10,35
TN,2014,TN2014,TN5,-0.027,0.816,-0.223,0.997,-0.085,0.986,-0.416,0.963,2940276,2498656,4083730,10877865,45,10,35
TN,2016,TN2016,TN5,-0.027,0.816,-0.223,0.997,-0.085,0.986,-0.416,0.963,2940276,2498656,4083730,10877865,45,10,35
TN,2018,TN2018,TN5,-0.027,0.816,-0.223,0.997,-0.085,0.986,-0.416,0.963,2940276,2498656,4083730,10877865,45,10,35
TN,2020,TN2020,TN5,-0.027,0.816,-0.223,0.997,-0.085,0.986,-0.416,0.963,2940276,2498656,4083730,10877865,45,10,35
TN,2022,TN2022,TN6,-0.077,0.913,-0.152,0.975,-0.043,0.900,-0.652,0.991,1386205,884773,1559105,4541955,18,2,16
TN,2024,TN2024,TN6,-0.077,0.913,-0.152,0.975,-0.043,0.900,-0.652,0.991,1386205,884773,1559105,4541955,18,2,16
TX,1972,TX1972,TX1,0.131,0.964,0.178,0.984,0.040,0.888,0.699,0.995,649485,906071,1870508,3111111,24,20,4
TX,1974,TX1974,TX1.1,0.160,0.983,0.098,0.919,0.031,0.863,0.812,1.000,2179424,3524487,6669038,11407822,96,82,14
TX,1976,TX1976,TX1.1,0.160,0.983,0.098,0.919,0.031,0.863,0.812,1.000,2179424,3524487,6669038,11407822,96,82,14
TX,1978,TX1978,TX1.1,0.160,0.983,0.098,0.919,0.031,0.863,0.812,1.000,2179424,3524487,6669038,11407822,96,82,14
TX,1980,TX1980,TX1.1,0.160,0.983,0.098,0.919,0.031,0.863,0.812,1.000,2179424,3524487,6669038,11407822,96,82,14
TX,1982,TX1982,TX2,0.110,0.955,0.163,0.978,0.059,0.941,0.586,0.986,556025,826264,1614147,2764578,27,21,6
TX,1984,TX1984,TX2.1,0.138,0.972,0.125,0.944,0.072,0.966,0.422,0.964,3515298,4780005,8505348,16590606,108,72,36
TX,1986,TX1986,TX2.1,0.138,0.972,0.125,0.944,0.072,0.966,0.422,0.964,3515298,4780005,8505348,16590606,108,72,36
TX,1988,TX1988,TX2.1,0.138,0.972,0.125,0.944,0.072,0.966,0.422,0.964,3515298,4780005,8505348,16590606,108,72,36
TX,1990,TX1990,TX2.1,0.138,0.972,0.125,0.944,0.072,0.966,0.422,0.964,3515298,4780005,8505348,16590606,108,72,36
TX,1992,TX1992,TX3,0.185,0.992,0.155,0.977,0.070,0.963,0.582,0.984,1768484,3087332,4722569,9711632,60,39,21
TX,1994,TX1994,TX3,0.185,0.992,0.155,0.977,0.070,0.963,0.582,0.984,1768484,3087332,4722569,9711632,60,39,21
TX,1996,TX1996,TX3.1,0.139,0.973,0.066,0.883,0.065,0.947,0.305,0.927,3014629,4081151,6585308,14191560,90,51,39
TX,1998,TX1998,TX3.1,0.139,0.973,0.066,0.883,0.065,0.947,0.305,0.927,3014629,4081151,6585308,14191560,90,51,39
TX,2000,TX2000,TX3.1,0.139,0.973,0.066,0.883,0.065,0.947,0.305,0.927,3014629,4081151,6585308,14191560,90,51,39
TX,2002,TX2002,TX4,0.118,0.963,0.037,0.825,0.043,0.895,0.256,0.903,922591,1215352,1951428,4275886,32,17,15
TX,2004,TX2004,TX4.1,-0.010,0.783,-0.108,0.930,-0.065,0.948,-0.401,0.961,2009810,1372322,2889124,6764263,32,11,21
TX,2006,TX2006,TX4.2,0.002,0.752,-0.116,0.934,-0.074,0.967,-0.361,0.944,4591912,3299494,6793099,15782812,96,34,62
TX,2008,TX2008,TX4.2,0.002,0.752,-0.116,0.934,-0.074,0.967,-0.361,0.944,4591912,3299494,6793099,15782812,96,34,62
TX,2010,TX2010,TX4.2,0.002,0.752,-0.116,0.934,-0.074,0.967,-0.361,0.944,4591912,3299494,6793099,15782812,96,34,62
TX,2012,TX2012,TX5,-0.022,0.806,-0.106,0.928,-0.044,0.903,-0.454,0.969,12190724,7702795,17281908,39787039,180,60,120
TX,2014,TX2014,TX5,-0.022,0.806,-0.106,0.928,-0.044,0.903,-0.454,0.969,12190724,7702795,17281908,39787039,180,60,120
TX,2016,TX2016,TX5,-0.022,0.806,-0.106,0.928,-0.044,0.903,-0.454,0.969,12190724,7702795,17281908,39787039,180,60,120
TX,2018,TX2018,TX5,-0.022,0.806,-0.106,0.928,-0.044,0.903,-0.454,0.969,12190724,7702795,17281908,39787039,180,60,120
TX,2020,TX2020,TX5,-0.022,0.806,-0.106,0.928,-0.044,0.903,-0.454,0.969,12190724,7702795,17281908,39787039,180,60,120
TX,2022,TX2022,TX6,-0.011,0.784,-0.145,0.967,-0.084,0.984,-0.366,0.945,5594622,3979276,8156596,19147796,76,26,50
TX,2024,TX2024,TX6,-0.011,0.784,-0.145,0.967,-0.084,0.984,-0.366,0.945,5594622,3979276,8156596,19147796,76,26,50
VA,1972,VA1972,VA1,-0.073,0.905,-0.051,0.856,-0.020,0.816,-0.218,0.894,1785644,1204318,2692692,5979923,50,17,33
VA,1974,VA1974,VA1,-0.073,0.905,-0.051,0.856,-0.020,0.816,-0.218,0.894,1785644,1204318,2692692,5979923,50,17,33
VA,1976,VA1976,VA1,-0.073,0.905,-0.051,0.856,-0.020,0.816,-0.218,0.894,1785644,1204318,2692692,5979923,50,17,33
VA,1978,VA1978,VA1,-0.073,0.905,-0.051,0.856,-0.020,0.816,-0.218,0.894,1785644,1204318,2692692,5979923,50,17,33
VA,1980,VA1980,VA1,-0.073,0.905,-0.051,0.856,-0.020,0.816,-0.218,0.894,1785644,1204318,2692692,5979923,50,17,33
VA,1982,VA1982,VA2,0.031,0.823,-0.011,0.775,-0.006,0.764,0.029,0.773,1858338,1696042,3337401,7108760,50,24,26
VA,1984,VA1984,VA2,0.031,0.823,-0.011,0.775,-0.006,0.764,0.029,0.773,1858338,1696042,3337401,7108760,50,24,26
VA,1986,VA1986,VA2,0.031,0.823,-0.011,0.775,-0.006,0.764,0.029,0.773,1858338,1696042,3337401,7108760,50,24,26
VA,1988,VA1988,VA2,0.031,0.823,-0.011,0.775,-0.006,0.764,0.029,0.773,1858338,1696042,3337401,7108760,50,24,26
VA,1990,VA1990,VA2,0.031,0.823,-0.011,0.775,-0.006,0.764,0.029,0.773,1858338,1696042,3337401,7108760,50,24,26
VA,1992,VA1992,VA3,0.075,0.909,0.037,0.827,0.023,0.834,0.175,0.880,505233,641351,1217271,2293167,11,7,4
VA,1994,VA1994,VA3.1,0.076,0.911,0.066,0.884,0.088,0.992,0.165,0.869,881852,1113060,1939684,3989822,22,12,10
VA,1996,VA1996,VA3.1,0.076,0.911,0.066,0.884,0.088,0.992,0.165,0.869,881852,1113060,1939684,3989822,22,12,10
VA,1998,VA1998,VA3.2,-0.042,0.850,0.008,0.767,0.039,0.884,-0.207,0.889,976519,631524,1586592,3287292,22,9,13
VA,2000,VA2000,VA3.2,-0.042,0.850,0.008,0.767,0.039,0.884,-0.207,0.889,976519,631524,1586592,3287292,22,9,13
VA,2002,VA2002,VA4,-0.078,0.916,-0.135,0.953,-0.042,0.891,-0.276,0.913,3536849,2451604,5502237,11976905,55,18,37
VA,2004,VA2004,VA4,-0.078,0.916,-0.135,0.953,-0.042,0.891,-0.276,0.913,3536849,2451604,5502237,11976905,55,18,37
VA,2006,VA2006,VA4,-0.078,0.916,-0.135,0.953,-0.042,0.891,-0.276,0.913,3536849,2451604,5502237,11976905,55,18,37
VA,2008,VA2008,VA4,-0.078,0.916,-0.135,0.953,-0.042,0.891,-0.276,0.913,3536849,2451604,5502237,11976905,55,18,37
VA,2010,VA2010,VA4,-0.078,0.916,-0.135,0.953,-0.042,0.891,-0.276,0.913,3536849,2451604,5502237,11976905,55,18,37
VA,2012,VA2012,VA5,-0.169,0.988,-0.202,0.991,-0.066,0.952,-0.503,0.970,2029973,920776,2806884,5901498,22,6,16
VA,2014,VA2014,VA5,-0.169,0.988,-0.202,0.991,-0.066,0.952,-0.503,0.970,2029973,920776,2806884,5901498,22,6,16
VA,2016,VA2016,VA5.1,-0.006,0.772,-0.059,0.872,-0.037,0.877,-0.035,0.781,2889032,2860369,6040419,11498802,33,18,15
VA,2018,VA2018,VA5.1,-0.006,0.772,-0.059,0.872,-0.037,0.877,-0.035,0.781,2889032,2860369,6040419,11498802,33,18,15
VA,2020,VA2020,VA5.1,-0.006,0.772,-0.059,0.872,-0.037,0.877,-0.035,0.781,2889032,2860369,6040419,11498802,33,18,15
VA,2022,VA2022,VA6,0.008,0.778,-0.037,0.828,-0.007,0.769,-0.016,0.764,1923098,1785761,3847218,7417717,22,12,10
VA,2024,VA2024,VA6,0.008,0.778,-0.037,0.828,-0.007,0.769,-0.016,0.764,1923098,1785761,3847218,7417717,22,12,10
WA,1972,WA1972,WA1,0.153,0.981,0.090,0.909,0.008,0.778,0.234,0.898,1137542,1985338,3573009,6245759,35,28,7
WA,1974,WA1974,WA1,0.153,0.981,0.090,0.909,0.008,0.778,0.234,0.898,1137542,1985338,3573009,6245759,35,28,7
WA,1976,WA1976,WA1,0.153,0.981,0.090,0.909,0.008,0.778,0.234,0.898,1137542,1985338,3573009,6245759,35,28,7
WA,1978,WA1978,WA1,0.153,0.981,0.090,0.909,0.008,0.778,0.234,0.898,1137542,1985338,3573009,6245759,35,28,7
WA,1980,WA1980,WA1,0.153,0.981,0.090,0.909,0.008,0.778,0.234,0.898,1137542,1985338,3573009,6245759,35,28,7
WA,1982,WA1982,WA2,0.059,0.881,0.125,0.945,0.075,0.969,0.164,0.867,283233,363631,689811,1293727,8,5,3
WA,1984,WA1984,WA2.1,0.010,0.781,0.063,0.877,0.061,0.942,0.070,0.814,1560209,1519757,3425424,6159932,32,20,12
WA,1986,WA1986,WA2.1,0.010,0.781,0.063,0.877,0.061,0.942,0.070,0.814,1560209,1519757,3425424,6159932,32,20,12
WA,1988,WA1988,WA2.1,0.010,0.781,0.063,0.877,0.061,0.942,0.070,0.814,1560209,1519757,3425424,6159932,32,20,12
WA,1990,WA1990,WA2.1,0.010,0.781,0.063,0.877,0.061,0.942,0.070,0.814,1560209,1519757,3425424,6159932,32,20,12
WA,1992,WA1992,WA3,-0.035,0.836,-0.066,0.881,-0.010,0.783,-0.041,0.791,2650617,2376882,5389213,10054996,45,24,21
WA,1994,WA1994,WA3,-0.035,0.836,-0.066,0.881,-0.010,0.783,-0.041,0.791,2650617,2376882,5389213,10054996,45,24,21
WA,1996,WA1996,WA3,-0.035,0.836,-0.066,0.881,-0.010,0.783,-0.041,0.791,2650617,2376882,5389213,10054996,45,24,21
WA,1998,WA1998,WA3,-0.035,0.836,-0.066,0.881,-0.010,0.783,-0.041,0.791,2650617,2376882,5389213,10054996,45,24,21
WA,2000,WA2000,WA3,-0.035,0.836,-0.066,0.881,-0.010,0.783,-0.041,0.791,2650617,2376882,5389213,10054996,45,24,21
WA,2002,WA2002,WA4,0.005,0.763,0.092,0.914,0.033,0.867,0.034,0.778,2936828,2953627,6738688,11780910,45,29,16
WA,2004,WA2004,WA4,0.005,0.763,0.092,0.914,0.033,0.867,0.034,0.778,2936828,2953627,6738688,11780910,45,29,16
WA,2006,WA2006,WA4,0.005,0.763,0.092,0.914,0.033,0.867,0.034,0.778,2936828,2953627,6738688,11780910,45,29,16
WA,2008,WA2008,WA4,0.005,0.763,0.092,0.914,0.033,0.867,0.034,0.778,2936828,2953627,6738688,11780910,45,29,16
WA,2010,WA2010,WA4,0.005,0.763,0.092,0.914,0.033,0.867,0.034,0.778,2936828,2953627,6738688,11780910,45,29,16
WA,2012,WA2012,WA5,0.015,0.792,0.033,0.813,0.019,0.813,0.083,0.827,3518955,4077642,8576603,15193194,50,32,18
WA,2014,WA2014,WA5,0.015,0.792,0.033,0.813,0.019,0.813,0.083,0.827,3518955,4077642,8576603,15193194,50,32,18
WA,2016,WA2016,WA5,0.015,0.792,0.033,0.813,0.019,0.813,0.083,0.827,3518955,4077642,8576603,15193194,50,32,18
WA,2018,WA2018,WA5,0.015,0.792,0.033,0.813,0.019,0.813,0.083,0.827,3518955,4077642,8576603,15193194,50,32,18
WA,2020,WA2020,WA5,0.015,0.792,0.033,0.813,0.019,0.813,0.083,0.827,3518955,4077642,8576603,15193194,50,32,18
WA,2022,WA2022,WA6,0.135,0.967,0.009,0.770,0.004,0.759,0.439,0.966,1188576,2227922,3980700,6832996,20,16,4
WA,2024,WA2024,WA6,0.135,0.967,0.009,0.770,0.004,0.759,0.439,0.966,1188576,2227922,3980700,6832996,20,16,4
WI,1972,WI1972,WI1,0.053,0.866,0.068,0.886,0.043,0.898,0.124,0.847,2006856,2236209,4698093,8486129,45,30,15
WI,1974,WI1974,WI1,0.053,0.866,0.068,0.886,0.043,0.898,0.124,0.847,2006856,2236209,4698093,8486129,45,30,15
WI,1976,WI1976,WI1,0.053,0.866,0.068,0.886,0.043,0.898,0.124,0.847,2006856,2236209,4698093,8486129,45,30,15
WI,1978,WI1978,WI1,0.053,0.866,0.068,0.886,0.043,0.898,0.124,0.847,2006856,2236209,4698093,8486129,45,30,15
WI,1980,WI1980,WI1,0.053,0.866,0.068,0.886,0.043,0.898,0.124,0.847,2006856,2236209,4698093,8486129,45,30,15
WI,1982,WI1982,WI2,0.025,0.809,0.033,0.816,0.044,0.905,0.034,0.780,1956010,2128867,4089765,8169754,45,24,21
WI,1984,WI1984,WI2,0.025,0.809,0.033,0.816,0.044,0.905,0.034,0.780,1956010,2128867,4089765,8169754,45,24,21
WI,1986,WI1986,WI2,0.025,0.809,0.033,0.816,0.044,0.905,0.034,0.780,1956010,2128867,4089765,8169754,45,24,21
WI,1988,WI1988,WI2,0.025,0.809,0.033,0.816,0.044,0.905,0.034,0.780,1956010,2128867,4089765,8169754,45,24,21
WI,1990,WI1990,WI2,0.025,0.809,0.033,0.816,0.044,0.905,0.034,0.780,1956010,2128867,4089765,8169754,45,24,21
WI,1992,WI1992,WI3,0.039,0.841,0.021,0.795,0.012,0.792,0.073,0.816,2357855,2689409,4815382,10094527,45,22,23
WI,1994,WI1994,WI3,0.039,0.841,0.021,0.795,0.012,0.792,0.073,0.816,2357855,2689409,4815382,10094527,45,22,23
WI,1996,WI1996,WI3,0.039,0.841,0.021,0.795,0.012,0.792,0.073,0.816,2357855,2689409,4815382,10094527,45,22,23
WI,1998,WI1998,WI3,0.039,0.841,0.021,0.795,0.012,0.792,0.073,0.816,2357855,2689409,4815382,10094527,45,22,23
WI,2000,WI2000,WI3,0.039,0.841,0.021,0.795,0.012,0.792,0.073,0.816,2357855,2689409,4815382,10094527,45,22,23
WI,2002,WI2002,WI4,0.040,0.842,0.020,0.791,0.011,0.788,0.067,0.811,2587364,2986535,5499346,11147797,40,21,19
WI,2004,WI2004,WI4,0.040,0.842,0.020,0.791,0.011,0.788,0.067,0.811,2587364,2986535,5499346,11147797,40,21,19
WI,2006,WI2006,WI4,0.040,0.842,0.020,0.791,0.011,0.788,0.067,0.811,2587364,2986535,5499346,11147797,40,21,19
WI,2008,WI2008,WI4,0.040,0.842,0.020,0.791,0.011,0.788,0.067,0.811,2587364,2986535,5499346,11147797,40,21,19
WI,2010,WI2010,WI4,0.040,0.842,0.020,0.791,0.011,0.788,0.067,0.811,2587364,2986535,5499346,11147797,40,21,19
WI,2012,WI2012,WI5,-0.107,0.950,-0.141,0.959,-0.076,0.972,-0.267,0.911,4285122,2636309,6799203,13842860,40,15,25
WI,2014,WI2014,WI5,-0.107,0.950,-0.141,0.959,-0.076,0.972,-0.267,0.911,4285122,2636309,6799203,13842860,40,15,25
WI,2016,WI2016,WI5,-0.107,0.950,-0.141,0.959,-0.076,0.972,-0.267,0.911,4285122,2636309,6799203,13842860,40,15,25
WI,2018,WI2018,WI5,-0.107,0.950,-0.141,0.959,-0.076,0.972,-0.267,0.911,4285122,2636309,6799203,13842860,40,15,25
WI,2020,WI2020,WI5,-0.107,0.950,-0.141,0.959,-0.076,0.972,-0.267,0.911,4285122,2636309,6799203,13842860,40,15,25
WI,2022,WI2022,WI6,-0.190,0.994,-0.136,0.958,-0.041,0.889,-0.516,0.975,2035726,863035,2736615,5797521,16,4,12
WI,2024,WI2024,WI6,-0.190,0.994,-0.136,0.958,-0.041,0.889,-0.516,0.975,2035726,863035,2736615,5797521,16,4,12
