state,year,code,plan,eg_adj_avg,eg_avg_percentrank,bias_avg,bias_avg_percentrank,mmd_avg,mmd_avg_percentrank,wasted_dem_plan,wasted_rep_plan,votes_dem_plan,votes_twop_plan,seats_plan,seats_dem_plan,seats_r_plan
AL,1974,AL1974,AL1,0.059,0.577,0.016,0.197,0.008,0.202,268801,345380,882982,1228362,70,70,0
AL,1978,AL1978,AL1,0.059,0.577,0.016,0.197,0.008,0.202,268801,345380,882982,1228362,70,70,0
AL,1982,AL1982,AL2,0.161,0.986,0.135,0.962,0.029,0.667,432215,791819,1425716,2448068,70,58,12
AL,1986,AL1986,AL2,0.161,0.986,0.135,0.962,0.029,0.667,432215,791819,1425716,2448068,70,58,12
AL,1990,AL1990,AL2,0.161,0.986,0.135,0.962,0.029,0.667,432215,791819,1425716,2448068,70,58,12
AL,1994,AL1994,AL3,0.096,0.831,0.032,0.362,0.026,0.601,518867,714565,1328918,2466863,70,47,23
AL,1998,AL1998,AL3,0.096,0.831,0.032,0.362,0.026,0.601,518867,714565,1328918,2466863,70,47,23
AL,2002,AL2002,AL4,0.004,0.056,0.010,0.141,0.005,0.122,685776,641052,1321550,2653656,70,35,35
AL,2006,AL2006,AL4,0.004,0.056,0.010,0.141,0.005,0.122,685776,641052,1321550,2653656,70,35,35
AL,2010,AL2010,AL4,0.004,0.056,0.010,0.141,0.005,0.122,685776,641052,1321550,2653656,70,35,35
AR,1972,AR1972,AR1,0.010,0.131,0.114,0.911,0.028,0.634,593011,629025,1787346,2444073,136,133,3
AR,1974,AR1974,AR1,0.010,0.131,0.114,0.911,0.028,0.634,593011,629025,1787346,2444073,136,133,3
AR,1976,AR1976,AR1,0.010,0.131,0.114,0.911,0.028,0.634,593011,629025,1787346,2444073,136,133,3
AR,1978,AR1978,AR1,0.010,0.131,0.114,0.911,0.028,0.634,593011,629025,1787346,2444073,136,133,3
AR,1980,AR1980,AR1,0.010,0.131,0.114,0.911,0.028,0.634,593011,629025,1787346,2444073,136,133,3
AR,1982,AR1982,AR2,0.125,0.911,0.038,0.423,0.009,0.235,222673,409662,781981,1264671,70,62,8
AR,1984,AR1984,AR2,0.125,0.911,0.038,0.423,0.009,0.235,222673,409662,781981,1264671,70,62,8
AR,1988,AR1988,AR2,0.125,0.911,0.038,0.423,0.009,0.235,222673,409662,781981,1264671,70,62,8
AR,1990,AR1990,AR2.1,0.139,0.953,0.082,0.765,0.006,0.131,128359,220330,434857,697377,35,31,4
AR,1992,AR1992,AR3,0.207,1.000,-0.003,0.056,0.003,0.085,461699,1151505,1797750,3226409,140,115,25
AR,1994,AR1994,AR3,0.207,1.000,-0.003,0.056,0.003,0.085,461699,1151505,1797750,3226409,140,115,25
AR,1996,AR1996,AR3,0.207,1.000,-0.003,0.056,0.003,0.085,461699,1151505,1797750,3226409,140,115,25
AR,1998,AR1998,AR3,0.207,1.000,-0.003,0.056,0.003,0.085,461699,1151505,1797750,3226409,140,115,25
AR,2000,AR2000,AR3,0.207,1.000,-0.003,0.056,0.003,0.085,461699,1151505,1797750,3226409,140,115,25
AR,2002,AR2002,AR4,0.159,0.981,-0.010,0.131,-0.004,0.113,675703,1280269,2062242,3911944,140,101,39
AR,2004,AR2004,AR4,0.159,0.981,-0.010,0.131,-0.004,0.113,675703,1280269,2062242,3911944,140,101,39
AR,2006,AR2006,AR4,0.159,0.981,-0.010,0.131,-0.004,0.113,675703,1280269,2062242,3911944,140,101,39
AR,2008,AR2008,AR4,0.159,0.981,-0.010,0.131,-0.004,0.113,675703,1280269,2062242,3911944,140,101,39
AR,2010,AR2010,AR4,0.159,0.981,-0.010,0.131,-0.004,0.113,675703,1280269,2062242,3911944,140,101,39
AR,2012,AR2012,AR5,-0.079,0.690,-0.131,0.958,-0.043,0.812,1183184,857951,1717059,4082270,140,37,103
AR,2014,AR2014,AR5,-0.079,0.690,-0.131,0.958,-0.043,0.812,1183184,857951,1717059,4082270,140,37,103
AR,2016,AR2016,AR5,-0.079,0.690,-0.131,0.958,-0.043,0.812,1183184,857951,1717059,4082270,140,37,103
AR,2018,AR2018,AR5,-0.079,0.690,-0.131,0.958,-0.043,0.812,1183184,857951,1717059,4082270,140,37,103
AR,2020,AR2020,AR5,-0.079,0.690,-0.131,0.958,-0.043,0.812,1183184,857951,1717059,4082270,140,37,103
AZ,1972,AZ1972,AZ1.1,0.063,0.606,-0.002,0.038,-0.003,0.094,486704,500757,911015,1974921,90,44,46
AZ,1974,AZ1974,AZ1,0.017,0.197,-0.052,0.573,-0.023,0.545,145988,156789,328022,605555,30,18,12
AZ,1976,AZ1976,AZ1.1,0.063,0.606,-0.002,0.038,-0.003,0.094,486704,500757,911015,1974921,90,44,46
AZ,1978,AZ1978,AZ1.1,0.063,0.606,-0.002,0.038,-0.003,0.094,486704,500757,911015,1974921,90,44,46
AZ,1980,AZ1980,AZ1.1,0.063,0.606,-0.002,0.038,-0.003,0.094,486704,500757,911015,1974921,90,44,46
AZ,1982,AZ1982,AZ2,-0.008,0.094,-0.057,0.615,-0.056,0.911,1052582,813299,1776199,3731763,120,53,67
AZ,1984,AZ1984,AZ2,-0.008,0.094,-0.057,0.615,-0.056,0.911,1052582,813299,1776199,3731763,120,53,67
AZ,1986,AZ1986,AZ2,-0.008,0.094,-0.057,0.615,-0.056,0.911,1052582,813299,1776199,3731763,120,53,67
AZ,1988,AZ1988,AZ2,-0.008,0.094,-0.057,0.615,-0.056,0.911,1052582,813299,1776199,3731763,120,53,67
AZ,1990,AZ1990,AZ2,-0.008,0.094,-0.057,0.615,-0.056,0.911,1052582,813299,1776199,3731763,120,53,67
AZ,1992,AZ1992,AZ3,0.001,0.019,-0.064,0.657,-0.049,0.854,1232395,1071739,2197991,4608268,120,53,67
AZ,1994,AZ1994,AZ3,0.001,0.019,-0.064,0.657,-0.049,0.854,1232395,1071739,2197991,4608268,120,53,67
AZ,1996,AZ1996,AZ3,0.001,0.019,-0.064,0.657,-0.049,0.854,1232395,1071739,2197991,4608268,120,53,67
AZ,1998,AZ1998,AZ3,0.001,0.019,-0.064,0.657,-0.049,0.854,1232395,1071739,2197991,4608268,120,53,67
AZ,2000,AZ2000,AZ3,0.001,0.019,-0.064,0.657,-0.049,0.854,1232395,1071739,2197991,4608268,120,53,67
AZ,2002,AZ2002,AZ4,-0.075,0.657,-0.102,0.869,-0.045,0.836,2309037,1443209,3601419,7504493,120,46,74
AZ,2004,AZ2004,AZ4,-0.075,0.657,-0.102,0.869,-0.045,0.836,2309037,1443209,3601419,7504493,120,46,74
AZ,2006,AZ2006,AZ4,-0.075,0.657,-0.102,0.869,-0.045,0.836,2309037,1443209,3601419,7504493,120,46,74
AZ,2008,AZ2008,AZ4,-0.075,0.657,-0.102,0.869,-0.045,0.836,2309037,1443209,3601419,7504493,120,46,74
AZ,2010,AZ2010,AZ4,-0.075,0.657,-0.102,0.869,-0.045,0.836,2309037,1443209,3601419,7504493,120,46,74
AZ,2012,AZ2012,AZ5,-0.028,0.310,-0.039,0.441,-0.024,0.577,2868141,2062508,4834928,9861299,120,53,67
AZ,2014,AZ2014,AZ5,-0.028,0.310,-0.039,0.441,-0.024,0.577,2868141,2062508,4834928,9861299,120,53,67
AZ,2016,AZ2016,AZ5,-0.028,0.310,-0.039,0.441,-0.024,0.577,2868141,2062508,4834928,9861299,120,53,67
AZ,2018,AZ2018,AZ5,-0.028,0.310,-0.039,0.441,-0.024,0.577,2868141,2062508,4834928,9861299,120,53,67
AZ,2020,AZ2020,AZ5,-0.028,0.310,-0.039,0.441,-0.024,0.577,2868141,2062508,4834928,9861299,120,53,67
CA,1972,CA1972,CA1,0.030,0.343,0.049,0.545,0.043,0.808,7556644,6411796,15366380,27936879,160,101,59
CA,1974,CA1974,CA1,0.030,0.343,0.049,0.545,0.043,0.808,7556644,6411796,15366380,27936879,160,101,59
CA,1976,CA1976,CA1,0.030,0.343,0.049,0.545,0.043,0.808,7556644,6411796,15366380,27936879,160,101,59
CA,1978,CA1978,CA1,0.030,0.343,0.049,0.545,0.043,0.808,7556644,6411796,15366380,27936879,160,101,59
CA,1980,CA1980,CA1,0.030,0.343,0.049,0.545,0.043,0.808,7556644,6411796,15366380,27936879,160,101,59
CA,1982,CA1982,CA2,0.098,0.840,0.057,0.620,0.047,0.840,5516152,6415729,12139023,23863760,117,72,45
CA,1986,CA1986,CA2,0.098,0.840,0.057,0.620,0.047,0.840,5516152,6415729,12139023,23863760,117,72,45
CA,1988,CA1988,CA2,0.098,0.840,0.057,0.620,0.047,0.840,5516152,6415729,12139023,23863760,117,72,45
CA,1990,CA1990,CA2,0.098,0.840,0.057,0.620,0.047,0.840,5516152,6415729,12139023,23863760,117,72,45
CA,1992,CA1992,CA3,0.034,0.366,0.001,0.023,-0.001,0.028,9041244,8376738,18710091,34835962,160,97,63
CA,1994,CA1994,CA3,0.034,0.366,0.001,0.023,-0.001,0.028,9041244,8376738,18710091,34835962,160,97,63
CA,1996,CA1996,CA3,0.034,0.366,0.001,0.023,-0.001,0.028,9041244,8376738,18710091,34835962,160,97,63
CA,1998,CA1998,CA3,0.034,0.366,0.001,0.023,-0.001,0.028,9041244,8376738,18710091,34835962,160,97,63
CA,2000,CA2000,CA3,0.034,0.366,0.001,0.023,-0.001,0.028,9041244,8376738,18710091,34835962,160,97,63
CA,2002,CA2002,CA4,-0.003,0.028,0.086,0.808,0.060,0.915,11587623,8842119,23078936,40859483,160,100,60
CA,2004,CA2004,CA4,-0.003,0.028,0.086,0.808,0.060,0.915,11587623,8842119,23078936,40859483,160,100,60
CA,2006,CA2006,CA4,-0.003,0.028,0.086,0.808,0.060,0.915,11587623,8842119,23078936,40859483,160,100,60
CA,2008,CA2008,CA4,-0.003,0.028,0.086,0.808,0.060,0.915,11587623,8842119,23078936,40859483,160,100,60
CA,2010,CA2010,CA4,-0.003,0.028,0.086,0.808,0.060,0.915,11587623,8842119,23078936,40859483,160,100,60
CA,2012,CA2012,CA5,0.003,0.033,0.040,0.460,0.028,0.643,11708015,12221822,29096661,47859673,160,114,46
CA,2014,CA2014,CA5,0.003,0.033,0.040,0.460,0.028,0.643,11708015,12221822,29096661,47859673,160,114,46
CA,2016,CA2016,CA5,0.003,0.033,0.040,0.460,0.028,0.643,11708015,12221822,29096661,47859673,160,114,46
CA,2018,CA2018,CA5,0.003,0.033,0.040,0.460,0.028,0.643,11708015,12221822,29096661,47859673,160,114,46
CA,2020,CA2020,CA5,0.003,0.033,0.040,0.460,0.028,0.643,11708015,12221822,29096661,47859673,160,114,46
CO,1972,CO1972,CO1,-0.053,0.545,-0.046,0.521,-0.021,0.521,1065110,807453,1804879,3745126,140,58,82
CO,1974,CO1974,CO1,-0.053,0.545,-0.046,0.521,-0.021,0.521,1065110,807453,1804879,3745126,140,58,82
CO,1976,CO1976,CO1,-0.053,0.545,-0.046,0.521,-0.021,0.521,1065110,807453,1804879,3745126,140,58,82
CO,1978,CO1978,CO1,-0.053,0.545,-0.046,0.521,-0.021,0.521,1065110,807453,1804879,3745126,140,58,82
CO,1980,CO1980,CO1,-0.053,0.545,-0.046,0.521,-0.021,0.521,1065110,807453,1804879,3745126,140,58,82
CO,1982,CO1982,CO2,-0.084,0.732,-0.058,0.624,-0.020,0.488,1450172,911414,2121215,4723173,140,44,96
CO,1984,CO1984,CO2,-0.084,0.732,-0.058,0.624,-0.020,0.488,1450172,911414,2121215,4723173,140,44,96
CO,1986,CO1986,CO2,-0.084,0.732,-0.058,0.624,-0.020,0.488,1450172,911414,2121215,4723173,140,44,96
CO,1988,CO1988,CO2,-0.084,0.732,-0.058,0.624,-0.020,0.488,1450172,911414,2121215,4723173,140,44,96
CO,1990,CO1990,CO2,-0.084,0.732,-0.058,0.624,-0.020,0.488,1450172,911414,2121215,4723173,140,44,96
CO,1992,CO1992,CO3,-0.007,0.089,-0.034,0.390,-0.022,0.535,1432741,1271684,2589687,5408849,140,63,77
CO,1994,CO1994,CO3,-0.007,0.089,-0.034,0.390,-0.022,0.535,1432741,1271684,2589687,5408849,140,63,77
CO,1996,CO1996,CO3,-0.007,0.089,-0.034,0.390,-0.022,0.535,1432741,1271684,2589687,5408849,140,63,77
CO,1998,CO1998,CO3,-0.007,0.089,-0.034,0.390,-0.022,0.535,1432741,1271684,2589687,5408849,140,63,77
CO,2000,CO2000,CO3,-0.007,0.089,-0.034,0.390,-0.022,0.535,1432741,1271684,2589687,5408849,140,63,77
CO,2002,CO2002,CO4,0.043,0.465,0.014,0.178,0.013,0.347,1789825,1923145,3794016,7425940,140,79,61
CO,2004,CO2004,CO4,0.043,0.465,0.014,0.178,0.013,0.347,1789825,1923145,3794016,7425940,140,79,61
CO,2006,CO2006,CO4,0.043,0.465,0.014,0.178,0.013,0.347,1789825,1923145,3794016,7425940,140,79,61
CO,2008,CO2008,CO4,0.043,0.465,0.014,0.178,0.013,0.347,1789825,1923145,3794016,7425940,140,79,61
CO,2010,CO2010,CO4,0.043,0.465,0.014,0.178,0.013,0.347,1789825,1923145,3794016,7425940,140,79,61
CO,2012,CO2012,CO5,-0.015,0.164,-0.016,0.202,0.002,0.052,2515440,2319809,5063745,9670499,140,74,66
CO,2014,CO2014,CO5,-0.015,0.164,-0.016,0.202,0.002,0.052,2515440,2319809,5063745,9670499,140,74,66
CO,2016,CO2016,CO5,-0.015,0.164,-0.016,0.202,0.002,0.052,2515440,2319809,5063745,9670499,140,74,66
CO,2018,CO2018,CO5,-0.015,0.164,-0.016,0.202,0.002,0.052,2515440,2319809,5063745,9670499,140,74,66
CO,2020,CO2020,CO5,-0.015,0.164,-0.016,0.202,0.002,0.052,2515440,2319809,5063745,9670499,140,74,66
CT,1972,CT1972,CT1,0.115,0.892,0.007,0.094,0.003,0.089,978709,1382578,2531348,4722574,144,100,44
CT,1974,CT1974,CT1,0.115,0.892,0.007,0.094,0.003,0.089,978709,1382578,2531348,4722574,144,100,44
CT,1976,CT1976,CT1,0.115,0.892,0.007,0.094,0.003,0.089,978709,1382578,2531348,4722574,144,100,44
CT,1978,CT1978,CT1,0.115,0.892,0.007,0.094,0.003,0.089,978709,1382578,2531348,4722574,144,100,44
CT,1980,CT1980,CT1,0.115,0.892,0.007,0.094,0.003,0.089,978709,1382578,2531348,4722574,144,100,44
CT,1982,CT1982,CT2,0.042,0.455,0.021,0.272,0.019,0.465,1173319,1170281,2352661,4687199,144,80,64
CT,1984,CT1984,CT2,0.042,0.455,0.021,0.272,0.019,0.465,1173319,1170281,2352661,4687199,144,80,64
CT,1986,CT1986,CT2,0.042,0.455,0.021,0.272,0.019,0.465,1173319,1170281,2352661,4687199,144,80,64
CT,1988,CT1988,CT2,0.042,0.455,0.021,0.272,0.019,0.465,1173319,1170281,2352661,4687199,144,80,64
CT,1990,CT1990,CT2,0.042,0.455,0.021,0.272,0.019,0.465,1173319,1170281,2352661,4687199,144,80,64
CT,1992,CT1992,CT3,-0.010,0.136,0.009,0.127,0.013,0.352,1202101,1057055,2355261,4518313,144,76,68
CT,1994,CT1994,CT3,-0.010,0.136,0.009,0.127,0.013,0.352,1202101,1057055,2355261,4518313,144,76,68
CT,1996,CT1996,CT3,-0.010,0.136,0.009,0.127,0.013,0.352,1202101,1057055,2355261,4518313,144,76,68
CT,1998,CT1998,CT3,-0.010,0.136,0.009,0.127,0.013,0.352,1202101,1057055,2355261,4518313,144,76,68
CT,2000,CT2000,CT3,-0.010,0.136,0.009,0.127,0.013,0.352,1202101,1057055,2355261,4518313,144,76,68
CT,2002,CT2002,CT4,0.030,0.333,0.023,0.282,0.013,0.333,1285985,1309552,2935430,5191075,144,95,49
CT,2004,CT2004,CT4,0.030,0.333,0.023,0.282,0.013,0.333,1285985,1309552,2935430,5191075,144,95,49
CT,2006,CT2006,CT4,0.030,0.333,0.023,0.282,0.013,0.333,1285985,1309552,2935430,5191075,144,95,49
CT,2008,CT2008,CT4,0.030,0.333,0.023,0.282,0.013,0.333,1285985,1309552,2935430,5191075,144,95,49
CT,2010,CT2010,CT4,0.030,0.333,0.023,0.282,0.013,0.333,1285985,1309552,2935430,5191075,144,95,49
CT,2012,CT2012,CT5,0.034,0.371,-0.052,0.582,-0.019,0.479,1471988,1462986,3130816,5869948,144,86,58
CT,2014,CT2014,CT5,0.034,0.371,-0.052,0.582,-0.019,0.479,1471988,1462986,3130816,5869948,144,86,58
CT,2016,CT2016,CT5,0.034,0.371,-0.052,0.582,-0.019,0.479,1471988,1462986,3130816,5869948,144,86,58
CT,2018,CT2018,CT5,0.034,0.371,-0.052,0.582,-0.019,0.479,1471988,1462986,3130816,5869948,144,86,58
CT,2020,CT2020,CT5,0.034,0.371,-0.052,0.582,-0.019,0.479,1471988,1462986,3130816,5869948,144,86,58
DE,1972,DE1972,DE1,0.072,0.648,0.043,0.498,0.015,0.371,172241,201762,378204,748006,84,49,35
DE,1974,DE1974,DE1,0.072,0.648,0.043,0.498,0.015,0.371,172241,201762,378204,748006,84,49,35
DE,1976,DE1976,DE1,0.072,0.648,0.043,0.498,0.015,0.371,172241,201762,378204,748006,84,49,35
DE,1978,DE1978,DE1,0.072,0.648,0.043,0.498,0.015,0.371,172241,201762,378204,748006,84,49,35
DE,1980,DE1980,DE1,0.072,0.648,0.043,0.498,0.015,0.371,172241,201762,378204,748006,84,49,35
DE,1982,DE1982,DE2,0.045,0.493,0.019,0.249,0.007,0.188,191647,212083,443360,807461,84,54,30
DE,1984,DE1984,DE2,0.045,0.493,0.019,0.249,0.007,0.188,191647,212083,443360,807461,84,54,30
DE,1986,DE1986,DE2,0.045,0.493,0.019,0.249,0.007,0.188,191647,212083,443360,807461,84,54,30
DE,1988,DE1988,DE2,0.045,0.493,0.019,0.249,0.007,0.188,191647,212083,443360,807461,84,54,30
DE,1990,DE1990,DE2,0.045,0.493,0.019,0.249,0.007,0.188,191647,212083,443360,807461,84,54,30
DE,1992,DE1992,DE3,0.006,0.080,-0.002,0.042,0.018,0.446,213656,262959,519224,953229,84,50,34
DE,1994,DE1994,DE3,0.006,0.080,-0.002,0.042,0.018,0.446,213656,262959,519224,953229,84,50,34
DE,1996,DE1996,DE3,0.006,0.080,-0.002,0.042,0.018,0.446,213656,262959,519224,953229,84,50,34
DE,1998,DE1998,DE3,0.006,0.080,-0.002,0.042,0.018,0.446,213656,262959,519224,953229,84,50,34
DE,2000,DE2000,DE3,0.006,0.080,-0.002,0.042,0.018,0.446,213656,262959,519224,953229,84,50,34
DE,2002,DE2002,DE4,-0.017,0.207,-0.026,0.300,-0.006,0.155,363291,307050,794715,1340682,84,56,28
DE,2004,DE2004,DE4,-0.017,0.207,-0.026,0.300,-0.006,0.155,363291,307050,794715,1340682,84,56,28
DE,2006,DE2006,DE4,-0.017,0.207,-0.026,0.300,-0.006,0.155,363291,307050,794715,1340682,84,56,28
DE,2008,DE2008,DE4,-0.017,0.207,-0.026,0.300,-0.006,0.155,363291,307050,794715,1340682,84,56,28
DE,2010,DE2010,DE4,-0.017,0.207,-0.026,0.300,-0.006,0.155,363291,307050,794715,1340682,84,56,28
DE,2012,DE2012,DE5,0.006,0.075,-0.009,0.108,-0.003,0.080,388488,378292,829264,1533560,84,49,35
DE,2014,DE2014,DE5,0.006,0.075,-0.009,0.108,-0.003,0.080,388488,378292,829264,1533560,84,49,35
DE,2016,DE2016,DE5,0.006,0.075,-0.009,0.108,-0.003,0.080,388488,378292,829264,1533560,84,49,35
DE,2018,DE2018,DE5,0.006,0.075,-0.009,0.108,-0.003,0.080,388488,378292,829264,1533560,84,49,35
DE,2020,DE2020,DE5,0.006,0.075,-0.009,0.108,-0.003,0.080,388488,378292,829264,1533560,84,49,35
FL,1982,FL1982,FL2,0.132,0.925,0.058,0.634,0.021,0.526,2790985,4480662,7398304,14543294,160,104,56
FL,1984,FL1984,FL2,0.132,0.925,0.058,0.634,0.021,0.526,2790985,4480662,7398304,14543294,160,104,56
FL,1986,FL1986,FL2,0.132,0.925,0.058,0.634,0.021,0.526,2790985,4480662,7398304,14543294,160,104,56
FL,1988,FL1988,FL2,0.132,0.925,0.058,0.634,0.021,0.526,2790985,4480662,7398304,14543294,160,104,56
FL,1990,FL1990,FL2,0.132,0.925,0.058,0.634,0.021,0.526,2790985,4480662,7398304,14543294,160,104,56
FL,1992,FL1992,FL3,-0.081,0.704,-0.080,0.746,-0.036,0.765,5710999,3707560,9345989,18837118,160,66,94
FL,1994,FL1994,FL3,-0.081,0.704,-0.080,0.746,-0.036,0.765,5710999,3707560,9345989,18837118,160,66,94
FL,1996,FL1996,FL3,-0.081,0.704,-0.080,0.746,-0.036,0.765,5710999,3707560,9345989,18837118,160,66,94
FL,1998,FL1998,FL3,-0.081,0.704,-0.080,0.746,-0.036,0.765,5710999,3707560,9345989,18837118,160,66,94
FL,2000,FL2000,FL3,-0.081,0.704,-0.080,0.746,-0.036,0.765,5710999,3707560,9345989,18837118,160,66,94
FL,2002,FL2002,FL4,-0.092,0.798,-0.129,0.953,-0.052,0.883,7679467,5095120,11961838,25549175,160,55,105
FL,2004,FL2004,FL4,-0.092,0.798,-0.129,0.953,-0.052,0.883,7679467,5095120,11961838,25549175,160,55,105
FL,2006,FL2006,FL4,-0.092,0.798,-0.129,0.953,-0.052,0.883,7679467,5095120,11961838,25549175,160,55,105
FL,2008,FL2008,FL4,-0.092,0.798,-0.129,0.953,-0.052,0.883,7679467,5095120,11961838,25549175,160,55,105
FL,2010,FL2010,FL4,-0.092,0.798,-0.129,0.953,-0.052,0.883,7679467,5095120,11961838,25549175,160,55,105
FL,2012,FL2012,FL5,-0.130,0.920,-0.141,0.981,-0.066,0.934,2237618,1331125,3496528,7137486,40,14,26
FL,2014,FL2014,FL5,-0.130,0.920,-0.141,0.981,-0.066,0.934,2237618,1331125,3496528,7137486,40,14,26
FL,2016,FL2016,FL5.1,-0.066,0.629,-0.045,0.507,-0.019,0.460,7655872,5777325,12980761,26866394,120,48,72
FL,2018,FL2018,FL5.1,-0.066,0.629,-0.045,0.507,-0.019,0.460,7655872,5777325,12980761,26866394,120,48,72
FL,2020,FL2020,FL5.1,-0.066,0.629,-0.045,0.507,-0.019,0.460,7655872,5777325,12980761,26866394,120,48,72
GA,1972,GA1972,GA1,0.004,0.047,0.137,0.972,0.034,0.746,1332497,1242211,3660848,5149416,224,207,17
GA,1974,GA1974,GA1,0.004,0.047,0.137,0.972,0.034,0.746,1332497,1242211,3660848,5149416,224,207,17
GA,1976,GA1976,GA1,0.004,0.047,0.137,0.972,0.034,0.746,1332497,1242211,3660848,5149416,224,207,17
GA,1978,GA1978,GA1,0.004,0.047,0.137,0.972,0.034,0.746,1332497,1242211,3660848,5149416,224,207,17
GA,1980,GA1980,GA1,0.004,0.047,0.137,0.972,0.034,0.746,1332497,1242211,3660848,5149416,224,207,17
GA,1982,GA1982,GA2,0.097,0.836,0.142,0.986,0.050,0.869,1368439,1882077,3955371,6501033,224,183,41
GA,1984,GA1984,GA2,0.097,0.836,0.142,0.986,0.050,0.869,1368439,1882077,3955371,6501033,224,183,41
GA,1986,GA1986,GA2,0.097,0.836,0.142,0.986,0.050,0.869,1368439,1882077,3955371,6501033,224,183,41
GA,1988,GA1988,GA2,0.097,0.836,0.142,0.986,0.050,0.869,1368439,1882077,3955371,6501033,224,183,41
GA,1990,GA1990,GA2,0.097,0.836,0.142,0.986,0.050,0.869,1368439,1882077,3955371,6501033,224,183,41
GA,1992,GA1992,GA3,0.038,0.418,0.032,0.357,0.023,0.554,1890916,2004746,4131570,7791323,224,135,89
GA,1994,GA1994,GA3,0.038,0.418,0.032,0.357,0.023,0.554,1890916,2004746,4131570,7791323,224,135,89
GA,1996,GA1996,GA3,0.038,0.418,0.032,0.357,0.023,0.554,1890916,2004746,4131570,7791323,224,135,89
GA,1998,GA1998,GA3,0.038,0.418,0.032,0.357,0.023,0.554,1890916,2004746,4131570,7791323,224,135,89
GA,2000,GA2000,GA3,0.038,0.418,0.032,0.357,0.023,0.554,1890916,2004746,4131570,7791323,224,135,89
GA,2002,GA2002,GA4,-0.036,0.385,-0.103,0.878,-0.091,0.977,2392575,1923740,4007746,8632629,168,65,103
GA,2006,GA2006,GA4,-0.036,0.385,-0.103,0.878,-0.091,0.977,2392575,1923740,4007746,8632629,168,65,103
GA,2008,GA2008,GA4,-0.036,0.385,-0.103,0.878,-0.091,0.977,2392575,1923740,4007746,8632629,168,65,103
GA,2010,GA2010,GA4,-0.036,0.385,-0.103,0.878,-0.091,0.977,2392575,1923740,4007746,8632629,168,65,103
GA,2012,GA2012,GA5,-0.083,0.723,-0.127,0.944,-0.093,0.981,3521550,2442094,5705833,11927290,168,61,107
GA,2014,GA2014,GA5,-0.083,0.723,-0.127,0.944,-0.093,0.981,3521550,2442094,5705833,11927290,168,61,107
GA,2018,GA2018,GA5,-0.083,0.723,-0.127,0.944,-0.093,0.981,3521550,2442094,5705833,11927290,168,61,107
GA,2020,GA2020,GA5,-0.083,0.723,-0.127,0.944,-0.093,0.981,3521550,2442094,5705833,11927290,168,61,107
HI,1992,HI1992,HI3,0.116,0.897,0.040,0.455,0.008,0.207,291159,443102,949401,1468523,100,91,9
HI,1994,HI1994,HI3,0.116,0.897,0.040,0.455,0.008,0.207,291159,443102,949401,1468523,100,91,9
HI,1996,HI1996,HI3,0.116,0.897,0.040,0.455,0.008,0.207,291159,443102,949401,1468523,100,91,9
HI,1998,HI1998,HI3,0.116,0.897,0.040,0.455,0.008,0.207,291159,443102,949401,1468523,100,91,9
HI,2000,HI2000,HI3,0.116,0.897,0.040,0.455,0.008,0.207,291159,443102,949401,1468523,100,91,9
HI,2002,HI2002,HI4,0.094,0.817,0.067,0.685,0.021,0.516,313087,455079,971640,1536332,100,86,14
HI,2004,HI2004,HI4,0.094,0.817,0.067,0.685,0.021,0.516,313087,455079,971640,1536332,100,86,14
HI,2006,HI2006,HI4,0.094,0.817,0.067,0.685,0.021,0.516,313087,455079,971640,1536332,100,86,14
HI,2008,HI2008,HI4,0.094,0.817,0.067,0.685,0.021,0.516,313087,455079,971640,1536332,100,86,14
HI,2010,HI2010,HI4,0.094,0.817,0.067,0.685,0.021,0.516,313087,455079,971640,1536332,100,86,14
HI,2012,HI2012,HI5,0.126,0.915,0.080,0.756,0.018,0.451,308890,513912,1102557,1645605,100,97,3
HI,2014,HI2014,HI5,0.126,0.915,0.080,0.756,0.018,0.451,308890,513912,1102557,1645605,100,97,3
HI,2016,HI2016,HI5,0.126,0.915,0.080,0.756,0.018,0.451,308890,513912,1102557,1645605,100,97,3
HI,2018,HI2018,HI5,0.126,0.915,0.080,0.756,0.018,0.451,308890,513912,1102557,1645605,100,97,3
HI,2020,HI2020,HI5,0.126,0.915,0.080,0.756,0.018,0.451,308890,513912,1102557,1645605,100,97,3
IA,1972,IA1972,IA1,-0.008,0.099,-0.020,0.254,-0.007,0.183,1034318,978116,2010083,4024868,200,98,102
IA,1974,IA1974,IA1,-0.008,0.099,-0.020,0.254,-0.007,0.183,1034318,978116,2010083,4024868,200,98,102
IA,1976,IA1976,IA1,-0.008,0.099,-0.020,0.254,-0.007,0.183,1034318,978116,2010083,4024868,200,98,102
IA,1978,IA1978,IA1,-0.008,0.099,-0.020,0.254,-0.007,0.183,1034318,978116,2010083,4024868,200,98,102
IA,1980,IA1980,IA1,-0.008,0.099,-0.020,0.254,-0.007,0.183,1034318,978116,2010083,4024868,200,98,102
IA,1982,IA1982,IA2,0.041,0.451,0.019,0.239,0.006,0.160,994021,1152599,2250377,4293240,200,118,82
IA,1984,IA1984,IA2,0.041,0.451,0.019,0.239,0.006,0.160,994021,1152599,2250377,4293240,200,118,82
IA,1986,IA1986,IA2,0.041,0.451,0.019,0.239,0.006,0.160,994021,1152599,2250377,4293240,200,118,82
IA,1988,IA1988,IA2,0.041,0.451,0.019,0.239,0.006,0.160,994021,1152599,2250377,4293240,200,118,82
IA,1990,IA1990,IA2,0.041,0.451,0.019,0.239,0.006,0.160,994021,1152599,2250377,4293240,200,118,82
IA,1992,IA1992,IA3,-0.018,0.216,0.003,0.061,0.007,0.178,1184473,1016927,2088763,4402799,200,86,114
IA,1994,IA1994,IA3,-0.018,0.216,0.003,0.061,0.007,0.178,1184473,1016927,2088763,4402799,200,86,114
IA,1996,IA1996,IA3,-0.018,0.216,0.003,0.061,0.007,0.178,1184473,1016927,2088763,4402799,200,86,114
IA,1998,IA1998,IA3,-0.018,0.216,0.003,0.061,0.007,0.178,1184473,1016927,2088763,4402799,200,86,114
IA,2000,IA2000,IA3,-0.018,0.216,0.003,0.061,0.007,0.178,1184473,1016927,2088763,4402799,200,86,114
IA,2002,IA2002,IA4,0.038,0.413,-0.012,0.160,-0.006,0.150,1223638,1279751,2570829,5006779,200,113,87
IA,2004,IA2004,IA4,0.038,0.413,-0.012,0.160,-0.006,0.150,1223638,1279751,2570829,5006779,200,113,87
IA,2006,IA2006,IA4,0.038,0.413,-0.012,0.160,-0.006,0.150,1223638,1279751,2570829,5006779,200,113,87
IA,2008,IA2008,IA4,0.038,0.413,-0.012,0.160,-0.006,0.150,1223638,1279751,2570829,5006779,200,113,87
IA,2010,IA2010,IA4,0.038,0.413,-0.012,0.160,-0.006,0.150,1223638,1279751,2570829,5006779,200,113,87
IA,2012,IA2012,IA5,-0.036,0.390,-0.034,0.385,-0.014,0.362,1514493,1242138,2604236,5513262,200,82,118
IA,2014,IA2014,IA5,-0.036,0.390,-0.034,0.385,-0.014,0.362,1514493,1242138,2604236,5513262,200,82,118
IA,2016,IA2016,IA5,-0.036,0.390,-0.034,0.385,-0.014,0.362,1514493,1242138,2604236,5513262,200,82,118
IA,2018,IA2018,IA5,-0.036,0.390,-0.034,0.385,-0.014,0.362,1514493,1242138,2604236,5513262,200,82,118
IA,2020,IA2020,IA5,-0.036,0.390,-0.034,0.385,-0.014,0.362,1514493,1242138,2604236,5513262,200,82,118
ID,1972,ID1972,ID1.1,-0.017,0.211,-0.025,0.296,-0.007,0.192,271795,237324,471930,1018237,105,43,62
ID,1974,ID1974,ID1,-0.102,0.850,-0.082,0.765,-0.041,0.793,75835,47076,123142,245821,35,14,21
ID,1976,ID1976,ID1.1,-0.017,0.211,-0.025,0.296,-0.007,0.192,271795,237324,471930,1018237,105,43,62
ID,1978,ID1978,ID1.1,-0.017,0.211,-0.025,0.296,-0.007,0.192,271795,237324,471930,1018237,105,43,62
ID,1980,ID1980,ID1.1,-0.017,0.211,-0.025,0.296,-0.007,0.192,271795,237324,471930,1018237,105,43,62
ID,1982,ID1982,ID2,-0.024,0.272,-0.038,0.432,-0.018,0.432,1005777,937452,1816738,3886459,168,70,98
ID,1984,ID1984,ID2,-0.024,0.272,-0.038,0.432,-0.018,0.432,1005777,937452,1816738,3886459,168,70,98
ID,1986,ID1986,ID2,-0.024,0.272,-0.038,0.432,-0.018,0.432,1005777,937452,1816738,3886459,168,70,98
ID,1988,ID1988,ID2,-0.024,0.272,-0.038,0.432,-0.018,0.432,1005777,937452,1816738,3886459,168,70,98
ID,1990,ID1990,ID2,-0.024,0.272,-0.038,0.432,-0.018,0.432,1005777,937452,1816738,3886459,168,70,98
ID,1992,ID1992,ID3,-0.081,0.709,-0.092,0.850,-0.026,0.606,512952,373031,637617,1771966,140,20,120
ID,1994,ID1994,ID3,-0.081,0.709,-0.092,0.850,-0.026,0.606,512952,373031,637617,1771966,140,20,120
ID,1996,ID1996,ID3,-0.081,0.709,-0.092,0.850,-0.026,0.606,512952,373031,637617,1771966,140,20,120
ID,1998,ID1998,ID3,-0.081,0.709,-0.092,0.850,-0.026,0.606,512952,373031,637617,1771966,140,20,120
ID,2000,ID2000,ID3,-0.081,0.709,-0.092,0.850,-0.026,0.606,512952,373031,637617,1771966,140,20,120
ID,2002,ID2002,ID4,-0.048,0.531,-0.129,0.948,-0.044,0.817,557701,470394,770744,2056189,140,28,112
ID,2004,ID2004,ID4,-0.048,0.531,-0.129,0.948,-0.044,0.817,557701,470394,770744,2056189,140,28,112
ID,2006,ID2006,ID4,-0.048,0.531,-0.129,0.948,-0.044,0.817,557701,470394,770744,2056189,140,28,112
ID,2008,ID2008,ID4,-0.048,0.531,-0.129,0.948,-0.044,0.817,557701,470394,770744,2056189,140,28,112
ID,2010,ID2010,ID4,-0.048,0.531,-0.129,0.948,-0.044,0.817,557701,470394,770744,2056189,140,28,112
ID,2012,ID2012,ID5,-0.016,0.188,-0.139,0.977,-0.045,0.831,649159,640079,906279,2578476,140,27,113
ID,2014,ID2014,ID5,-0.016,0.188,-0.139,0.977,-0.045,0.831,649159,640079,906279,2578476,140,27,113
ID,2016,ID2016,ID5,-0.016,0.188,-0.139,0.977,-0.045,0.831,649159,640079,906279,2578476,140,27,113
ID,2018,ID2018,ID5,-0.016,0.188,-0.139,0.977,-0.045,0.831,649159,640079,906279,2578476,140,27,113
ID,2020,ID2020,ID5,-0.016,0.188,-0.139,0.977,-0.045,0.831,649159,640079,906279,2578476,140,27,113
IL,1972,IL1972,IL1,-0.016,0.178,-0.055,0.592,-0.029,0.662,4201424,3489900,8202658,15382650,236,130,106
IL,1974,IL1974,IL1,-0.016,0.178,-0.055,0.592,-0.029,0.662,4201424,3489900,8202658,15382650,236,130,106
IL,1976,IL1976,IL1,-0.016,0.178,-0.055,0.592,-0.029,0.662,4201424,3489900,8202658,15382650,236,130,106
IL,1978,IL1978,IL1,-0.016,0.178,-0.055,0.592,-0.029,0.662,4201424,3489900,8202658,15382650,236,130,106
IL,1980,IL1980,IL1,-0.016,0.178,-0.055,0.592,-0.029,0.662,4201424,3489900,8202658,15382650,236,130,106
IL,1982,IL1982,IL2,0.005,0.070,-0.009,0.113,-0.002,0.061,4071969,3855119,8087715,15854177,236,124,112
IL,1984,IL1984,IL2,0.005,0.070,-0.009,0.113,-0.002,0.061,4071969,3855119,8087715,15854177,236,124,112
IL,1986,IL1986,IL2,0.005,0.070,-0.009,0.113,-0.002,0.061,4071969,3855119,8087715,15854177,236,124,112
IL,1988,IL1988,IL2,0.005,0.070,-0.009,0.113,-0.002,0.061,4071969,3855119,8087715,15854177,236,124,112
IL,1990,IL1990,IL2,0.005,0.070,-0.009,0.113,-0.002,0.061,4071969,3855119,8087715,15854177,236,124,112
IL,1992,IL1992,IL3,-0.087,0.746,-0.082,0.761,-0.054,0.892,4731011,3162117,8338852,15786255,236,111,125
IL,1994,IL1994,IL3,-0.087,0.746,-0.082,0.761,-0.054,0.892,4731011,3162117,8338852,15786255,236,111,125
IL,1996,IL1996,IL3,-0.087,0.746,-0.082,0.761,-0.054,0.892,4731011,3162117,8338852,15786255,236,111,125
IL,1998,IL1998,IL3,-0.087,0.746,-0.082,0.761,-0.054,0.892,4731011,3162117,8338852,15786255,236,111,125
IL,2000,IL2000,IL3,-0.087,0.746,-0.082,0.761,-0.054,0.892,4731011,3162117,8338852,15786255,236,111,125
IL,2002,IL2002,IL4,-0.041,0.446,-0.020,0.263,-0.009,0.230,5004025,3849438,10043816,17706925,236,141,95
IL,2004,IL2004,IL4,-0.041,0.446,-0.020,0.263,-0.009,0.230,5004025,3849438,10043816,17706925,236,141,95
IL,2006,IL2006,IL4,-0.041,0.446,-0.020,0.263,-0.009,0.230,5004025,3849438,10043816,17706925,236,141,95
IL,2008,IL2008,IL4,-0.041,0.446,-0.020,0.263,-0.009,0.230,5004025,3849438,10043816,17706925,236,141,95
IL,2010,IL2010,IL4,-0.041,0.446,-0.020,0.263,-0.009,0.230,5004025,3849438,10043816,17706925,236,141,95
IL,2012,IL2012,IL5,0.011,0.141,-0.021,0.277,-0.011,0.277,4882784,5065740,11495950,19897049,236,157,79
IL,2014,IL2014,IL5,0.011,0.141,-0.021,0.277,-0.011,0.277,4882784,5065740,11495950,19897049,236,157,79
IL,2016,IL2016,IL5,0.011,0.141,-0.021,0.277,-0.011,0.277,4882784,5065740,11495950,19897049,236,157,79
IL,2018,IL2018,IL5,0.011,0.141,-0.021,0.277,-0.011,0.277,4882784,5065740,11495950,19897049,236,157,79
IL,2020,IL2020,IL5,0.011,0.141,-0.021,0.277,-0.011,0.277,4882784,5065740,11495950,19897049,236,157,79
IN,1972,IN1972,IN1,-0.055,0.559,-0.085,0.798,-0.022,0.531,2177134,1493948,3639080,7342165,200,87,113
IN,1974,IN1974,IN1,-0.055,0.559,-0.085,0.798,-0.022,0.531,2177134,1493948,3639080,7342165,200,87,113
IN,1976,IN1976,IN1,-0.055,0.559,-0.085,0.798,-0.022,0.531,2177134,1493948,3639080,7342165,200,87,113
IN,1978,IN1978,IN1,-0.055,0.559,-0.085,0.798,-0.022,0.531,2177134,1493948,3639080,7342165,200,87,113
IN,1980,IN1980,IN1,-0.055,0.559,-0.085,0.798,-0.022,0.531,2177134,1493948,3639080,7342165,200,87,113
IN,1982,IN1982,IN2,-0.041,0.441,-0.069,0.700,-0.031,0.695,2089563,1608881,3626359,7396889,200,88,112
IN,1984,IN1984,IN2,-0.041,0.441,-0.069,0.700,-0.031,0.695,2089563,1608881,3626359,7396889,200,88,112
IN,1986,IN1986,IN2,-0.041,0.441,-0.069,0.700,-0.031,0.695,2089563,1608881,3626359,7396889,200,88,112
IN,1988,IN1988,IN2,-0.041,0.441,-0.069,0.700,-0.031,0.695,2089563,1608881,3626359,7396889,200,88,112
IN,1990,IN1990,IN2,-0.041,0.441,-0.069,0.700,-0.031,0.695,2089563,1608881,3626359,7396889,200,88,112
IN,1992,IN1992,IN3,-0.037,0.399,-0.078,0.742,-0.050,0.864,1969294,1620078,3310495,7178743,200,77,123
IN,1994,IN1994,IN3,-0.037,0.399,-0.078,0.742,-0.050,0.864,1969294,1620078,3310495,7178743,200,77,123
IN,1996,IN1996,IN3,-0.037,0.399,-0.078,0.742,-0.050,0.864,1969294,1620078,3310495,7178743,200,77,123
IN,1998,IN1998,IN3,-0.037,0.399,-0.078,0.742,-0.050,0.864,1969294,1620078,3310495,7178743,200,77,123
IN,2000,IN2000,IN3,-0.037,0.399,-0.078,0.742,-0.050,0.864,1969294,1620078,3310495,7178743,200,77,123
IN,2002,IN2002,IN4,-0.109,0.873,-0.121,0.930,-0.055,0.901,2529541,1576682,3817235,8212447,200,64,136
IN,2004,IN2004,IN4,-0.109,0.873,-0.121,0.930,-0.055,0.901,2529541,1576682,3817235,8212447,200,64,136
IN,2006,IN2006,IN4,-0.109,0.873,-0.121,0.930,-0.055,0.901,2529541,1576682,3817235,8212447,200,64,136
IN,2008,IN2008,IN4,-0.109,0.873,-0.121,0.930,-0.055,0.901,2529541,1576682,3817235,8212447,200,64,136
IN,2010,IN2010,IN4,-0.109,0.873,-0.121,0.930,-0.055,0.901,2529541,1576682,3817235,8212447,200,64,136
IN,2012,IN2012,IN5,-0.152,0.977,-0.119,0.920,-0.044,0.822,2957211,1676018,3951350,9266458,200,40,160
IN,2014,IN2014,IN5,-0.152,0.977,-0.119,0.920,-0.044,0.822,2957211,1676018,3951350,9266458,200,40,160
IN,2016,IN2016,IN5,-0.152,0.977,-0.119,0.920,-0.044,0.822,2957211,1676018,3951350,9266458,200,40,160
IN,2018,IN2018,IN5,-0.152,0.977,-0.119,0.920,-0.044,0.822,2957211,1676018,3951350,9266458,200,40,160
IN,2020,IN2020,IN5,-0.152,0.977,-0.119,0.920,-0.044,0.822,2957211,1676018,3951350,9266458,200,40,160
KS,1974,KS1974,KS1.1,-0.009,0.117,-0.027,0.305,-0.008,0.211,764290,656321,1316050,2841222,120,50,70
KS,1976,KS1976,KS1,-0.033,0.362,-0.050,0.554,-0.012,0.286,241316,212886,457869,908403,40,19,21
KS,1980,KS1980,KS1.1,-0.009,0.117,-0.027,0.305,-0.008,0.211,764290,656321,1316050,2841222,120,50,70
KS,1982,KS1982,KS1.1,-0.009,0.117,-0.027,0.305,-0.008,0.211,764290,656321,1316050,2841222,120,50,70
KS,1984,KS1984,KS1.1,-0.009,0.117,-0.027,0.305,-0.008,0.211,764290,656321,1316050,2841222,120,50,70
KS,1988,KS1988,KS1.1,-0.009,0.117,-0.027,0.305,-0.008,0.211,764290,656321,1316050,2841222,120,50,70
KS,1990,KS1990,KS3,-0.033,0.357,-0.070,0.714,-0.032,0.714,583886,468712,863350,2105196,80,23,57
KS,1996,KS1996,KS3,-0.033,0.357,-0.070,0.714,-0.032,0.714,583886,468712,863350,2105196,80,23,57
KS,2000,KS2000,KS3,-0.033,0.357,-0.070,0.714,-0.032,0.714,583886,468712,863350,2105196,80,23,57
KS,2002,KS2002,KS4,-0.088,0.779,-0.088,0.817,-0.035,0.751,705856,475945,976115,2363602,80,19,61
KS,2004,KS2004,KS4,-0.088,0.779,-0.088,0.817,-0.035,0.751,705856,475945,976115,2363602,80,19,61
KS,2008,KS2008,KS4,-0.088,0.779,-0.088,0.817,-0.035,0.751,705856,475945,976115,2363602,80,19,61
KS,2010,KS2010,KS5,-0.081,0.700,-0.024,0.291,-0.015,0.366,1094394,779067,1541311,3746923,120,29,91
KS,2016,KS2016,KS5,-0.081,0.700,-0.024,0.291,-0.015,0.366,1094394,779067,1541311,3746923,120,29,91
KS,2018,KS2018,KS5,-0.081,0.700,-0.024,0.291,-0.015,0.366,1094394,779067,1541311,3746923,120,29,91
KS,2020,KS2020,KS5,-0.081,0.700,-0.024,0.291,-0.015,0.366,1094394,779067,1541311,3746923,120,29,91
KY,1972,KY1972,KY1,0.064,0.615,0.058,0.638,0.021,0.512,637011,763878,1693806,2801777,152,118,34
KY,1974,KY1974,KY1,0.064,0.615,0.058,0.638,0.021,0.512,637011,763878,1693806,2801777,152,118,34
KY,1976,KY1976,KY1,0.064,0.615,0.058,0.638,0.021,0.512,637011,763878,1693806,2801777,152,118,34
KY,1978,KY1978,KY1,0.064,0.615,0.058,0.638,0.021,0.512,637011,763878,1693806,2801777,152,118,34
KY,1980,KY1980,KY1,0.064,0.615,0.058,0.638,0.021,0.512,637011,763878,1693806,2801777,152,118,34
KY,1982,KY1982,KY2,0.096,0.826,0.087,0.812,0.033,0.732,773570,1146720,2209263,3840580,152,114,38
KY,1984,KY1984,KY2,0.096,0.826,0.087,0.812,0.033,0.732,773570,1146720,2209263,3840580,152,114,38
KY,1986,KY1986,KY2,0.096,0.826,0.087,0.812,0.033,0.732,773570,1146720,2209263,3840580,152,114,38
KY,1988,KY1988,KY2,0.096,0.826,0.087,0.812,0.033,0.732,773570,1146720,2209263,3840580,152,114,38
KY,1990,KY1990,KY2,0.096,0.826,0.087,0.812,0.033,0.732,773570,1146720,2209263,3840580,152,114,38
KY,1992,KY1992,KY3,0.003,0.023,-0.018,0.230,-0.002,0.038,786699,770921,1612747,3115241,114,62,52
KY,1996,KY1996,KY3,0.003,0.023,-0.018,0.230,-0.002,0.038,786699,770921,1612747,3115241,114,62,52
KY,1998,KY1998,KY3,0.003,0.023,-0.018,0.230,-0.002,0.038,786699,770921,1612747,3115241,114,62,52
KY,2000,KY2000,KY3,0.003,0.023,-0.018,0.230,-0.002,0.038,786699,770921,1612747,3115241,114,62,52
KY,2002,KY2002,KY4,-0.091,0.789,-0.058,0.643,-0.028,0.624,1589902,1135209,2669487,5450222,144,56,88
KY,2004,KY2004,KY4,-0.091,0.789,-0.058,0.643,-0.028,0.624,1589902,1135209,2669487,5450222,144,56,88
KY,2006,KY2006,KY4,-0.091,0.789,-0.058,0.643,-0.028,0.624,1589902,1135209,2669487,5450222,144,56,88
KY,2008,KY2008,KY4,-0.091,0.789,-0.058,0.643,-0.028,0.624,1589902,1135209,2669487,5450222,144,56,88
KY,2010,KY2010,KY4,-0.091,0.789,-0.058,0.643,-0.028,0.624,1589902,1135209,2669487,5450222,144,56,88
KY,2012,KY2012,KY5,-0.101,0.845,-0.102,0.873,-0.032,0.709,1798815,1242550,2531298,6082730,152,34,118
KY,2014,KY2014,KY5,-0.101,0.845,-0.102,0.873,-0.032,0.709,1798815,1242550,2531298,6082730,152,34,118
KY,2016,KY2016,KY5,-0.101,0.845,-0.102,0.873,-0.032,0.709,1798815,1242550,2531298,6082730,152,34,118
KY,2018,KY2018,KY5,-0.101,0.845,-0.102,0.873,-0.032,0.709,1798815,1242550,2531298,6082730,152,34,118
KY,2020,KY2020,KY5,-0.101,0.845,-0.102,0.873,-0.032,0.709,1798815,1242550,2531298,6082730,152,34,118
MD,1974,MD1974,MD1,0.043,0.469,0.083,0.779,0.034,0.742,461883,518100,1270780,1959965,94,79,15
MD,1978,MD1978,MD1,0.043,0.469,0.083,0.779,0.034,0.742,461883,518100,1270780,1959965,94,79,15
MD,1982,MD1982,MD2,0.067,0.634,0.008,0.103,-0.010,0.249,499668,601325,1411577,2201986,94,80,14
MD,1986,MD1986,MD2,0.067,0.634,0.008,0.103,-0.010,0.249,499668,601325,1411577,2201986,94,80,14
MD,1990,MD1990,MD2,0.067,0.634,0.008,0.103,-0.010,0.249,499668,601325,1411577,2201986,94,80,14
MD,1994,MD1994,MD3,-0.009,0.108,0.050,0.563,0.031,0.700,789797,691004,1766539,2961602,94,64,30
MD,1998,MD1998,MD3,-0.009,0.108,0.050,0.563,0.031,0.700,789797,691004,1766539,2961602,94,64,30
MD,2002,MD2002,MD4,-0.022,0.254,0.040,0.446,0.022,0.540,1022246,862225,2345933,3768942,94,68,26
MD,2006,MD2006,MD4,-0.022,0.254,0.040,0.446,0.022,0.540,1022246,862225,2345933,3768942,94,68,26
MD,2010,MD2010,MD4,-0.022,0.254,0.040,0.446,0.022,0.540,1022246,862225,2345933,3768942,94,68,26
MD,2014,MD2014,MD5,-0.046,0.507,0.047,0.531,0.042,0.803,1181134,895629,2581719,4153526,94,65,29
MD,2018,MD2018,MD5,-0.046,0.507,0.047,0.531,0.042,0.803,1181134,895629,2581719,4153526,94,65,29
ME,1972,ME1972,ME1,-0.078,0.676,-0.056,0.610,-0.025,0.587,468849,355884,818784,1649466,132,55,77
ME,1974,ME1974,ME1,-0.078,0.676,-0.056,0.610,-0.025,0.587,468849,355884,818784,1649466,132,55,77
ME,1976,ME1976,ME1,-0.078,0.676,-0.056,0.610,-0.025,0.587,468849,355884,818784,1649466,132,55,77
ME,1978,ME1978,ME1,-0.078,0.676,-0.056,0.610,-0.025,0.587,468849,355884,818784,1649466,132,55,77
ME,1980,ME1980,ME1,-0.078,0.676,-0.056,0.610,-0.025,0.587,468849,355884,818784,1649466,132,55,77
ME,1982,ME1982,ME2,0.044,0.484,0.044,0.502,0.020,0.498,466430,542858,1081091,2018577,140,86,54
ME,1984,ME1984,ME2,0.044,0.484,0.044,0.502,0.020,0.498,466430,542858,1081091,2018577,140,86,54
ME,1986,ME1986,ME2,0.044,0.484,0.044,0.502,0.020,0.498,466430,542858,1081091,2018577,140,86,54
ME,1988,ME1988,ME2,0.044,0.484,0.044,0.502,0.020,0.498,466430,542858,1081091,2018577,140,86,54
ME,1990,ME1990,ME2,0.044,0.484,0.044,0.502,0.020,0.498,466430,542858,1081091,2018577,140,86,54
ME,1992,ME1992,ME3,-0.024,0.268,-0.012,0.164,-0.006,0.146,551423,487777,1090899,2078402,140,74,66
ME,1994,ME1994,ME3,-0.024,0.268,-0.012,0.164,-0.006,0.146,551423,487777,1090899,2078402,140,74,66
ME,1996,ME1996,ME3,-0.024,0.268,-0.012,0.164,-0.006,0.146,551423,487777,1090899,2078402,140,74,66
ME,1998,ME1998,ME3,-0.024,0.268,-0.012,0.164,-0.006,0.146,551423,487777,1090899,2078402,140,74,66
ME,2000,ME2000,ME3,-0.024,0.268,-0.012,0.164,-0.006,0.146,551423,487777,1090899,2078402,140,74,66
ME,2002,ME2002,ME4,-0.035,0.380,-0.031,0.333,-0.003,0.099,669340,568410,1284576,2475500,140,70,70
ME,2004,ME2004,ME4,-0.035,0.380,-0.031,0.333,-0.003,0.099,669340,568410,1284576,2475500,140,70,70
ME,2006,ME2006,ME4,-0.035,0.380,-0.031,0.333,-0.003,0.099,669340,568410,1284576,2475500,140,70,70
ME,2008,ME2008,ME4,-0.035,0.380,-0.031,0.333,-0.003,0.099,669340,568410,1284576,2475500,140,70,70
ME,2010,ME2010,ME4,-0.035,0.380,-0.031,0.333,-0.003,0.099,669340,568410,1284576,2475500,140,70,70
ME,2012,ME2012,ME5,0.016,0.192,0.018,0.225,0.012,0.324,632326,732291,1391617,2729234,140,75,65
ME,2014,ME2014,ME5,0.016,0.192,0.018,0.225,0.012,0.324,632326,732291,1391617,2729234,140,75,65
ME,2016,ME2016,ME5,0.016,0.192,0.018,0.225,0.012,0.324,632326,732291,1391617,2729234,140,75,65
ME,2018,ME2018,ME5,0.016,0.192,0.018,0.225,0.012,0.324,632326,732291,1391617,2729234,140,75,65
ME,2020,ME2020,ME5,0.016,0.192,0.018,0.225,0.012,0.324,632326,732291,1391617,2729234,140,75,65
MI,1974,MI1974,MI1,0.011,0.146,0.019,0.244,0.016,0.390,1382917,1210623,2900216,5187081,76,48,28
MI,1978,MI1978,MI1,0.011,0.146,0.019,0.244,0.016,0.390,1382917,1210623,2900216,5187081,76,48,28
MI,1982,MI1982,MI2,-0.091,0.784,-0.055,0.596,-0.069,0.953,1471688,966068,2590314,4875512,76,36,40
MI,1986,MI1986,MI2,-0.091,0.784,-0.055,0.596,-0.069,0.953,1471688,966068,2590314,4875512,76,36,40
MI,1990,MI1990,MI2,-0.091,0.784,-0.055,0.596,-0.069,0.953,1471688,966068,2590314,4875512,76,36,40
MI,1994,MI1994,MI3,-0.027,0.296,-0.084,0.789,-0.069,0.958,1666555,1277417,2752045,5887942,76,31,45
MI,1998,MI1998,MI3,-0.027,0.296,-0.084,0.789,-0.069,0.958,1666555,1277417,2752045,5887942,76,31,45
MI,2002,MI2002,MI4,-0.117,0.901,-0.120,0.925,-0.067,0.944,2241410,1113028,3372948,6708876,76,29,47
MI,2006,MI2006,MI4,-0.117,0.901,-0.120,0.925,-0.067,0.944,2241410,1113028,3372948,6708876,76,29,47
MI,2010,MI2010,MI4,-0.117,0.901,-0.120,0.925,-0.067,0.944,2241410,1113028,3372948,6708876,76,29,47
MI,2014,MI2014,MI5,-0.151,0.972,-0.152,0.995,-0.066,0.939,2356615,1179090,3567600,7071410,76,27,49
MI,2018,MI2018,MI5,-0.151,0.972,-0.152,0.995,-0.066,0.939,2356615,1179090,3567600,7071410,76,27,49
MN,1974,MN1974,MN1,0.103,0.854,0.020,0.258,0.003,0.103,763105,1069596,2011823,3665402,134,94,40
MN,1976,MN1976,MN1,0.103,0.854,0.020,0.258,0.003,0.103,763105,1069596,2011823,3665402,134,94,40
MN,1980,MN1980,MN1,0.103,0.854,0.020,0.258,0.003,0.103,763105,1069596,2011823,3665402,134,94,40
MN,1982,MN1982,MN2,0.082,0.714,0.032,0.352,0.010,0.263,697309,888321,1763260,3171259,134,93,41
MN,1986,MN1986,MN2,0.082,0.714,0.032,0.352,0.010,0.263,697309,888321,1763260,3171259,134,93,41
MN,1990,MN1990,MN2,0.082,0.714,0.032,0.352,0.010,0.263,697309,888321,1763260,3171259,134,93,41
MN,1992,MN1992,MN3,0.043,0.460,0.018,0.235,0.017,0.418,1051791,1110619,2315512,4324820,134,82,52
MN,1996,MN1996,MN3,0.043,0.460,0.018,0.235,0.017,0.418,1051791,1110619,2315512,4324820,134,82,52
MN,2000,MN2000,MN3,0.043,0.460,0.018,0.235,0.017,0.418,1051791,1110619,2315512,4324820,134,82,52
MN,2002,MN2002,MN4,-0.015,0.160,-0.053,0.587,-0.031,0.676,1130078,945723,2216832,4151602,134,74,60
MN,2006,MN2006,MN4,-0.015,0.160,-0.053,0.587,-0.031,0.676,1130078,945723,2216832,4151602,134,74,60
MN,2010,MN2010,MN4,-0.015,0.160,-0.053,0.587,-0.031,0.676,1130078,945723,2216832,4151602,134,74,60
MN,2012,MN2012,MN5,-0.019,0.221,-0.033,0.371,-0.012,0.296,2282711,2089942,4426017,8745307,201,99,102
MN,2016,MN2016,MN5,-0.019,0.221,-0.033,0.371,-0.012,0.296,2282711,2089942,4426017,8745307,201,99,102
MN,2018,MN2018,MN5,-0.019,0.221,-0.033,0.371,-0.012,0.296,2282711,2089942,4426017,8745307,201,99,102
MN,2020,MN2020,MN5,-0.019,0.221,-0.033,0.371,-0.012,0.296,2282711,2089942,4426017,8745307,201,99,102
MO,1972,MO1972,MO1,0.023,0.263,0.027,0.310,0.013,0.343,1765501,1632737,3970835,6796477,136,94,42
MO,1974,MO1974,MO1,0.023,0.263,0.027,0.310,0.013,0.343,1765501,1632737,3970835,6796477,136,94,42
MO,1976,MO1976,MO1,0.023,0.263,0.027,0.310,0.013,0.343,1765501,1632737,3970835,6796477,136,94,42
MO,1978,MO1978,MO1,0.023,0.263,0.027,0.310,0.013,0.343,1765501,1632737,3970835,6796477,136,94,42
MO,1980,MO1980,MO1,0.023,0.263,0.027,0.310,0.013,0.343,1765501,1632737,3970835,6796477,136,94,42
MO,1982,MO1982,MO2,0.020,0.230,0.068,0.690,0.035,0.756,1783580,1790313,4002889,7147785,136,87,49
MO,1984,MO1984,MO2,0.020,0.230,0.068,0.690,0.035,0.756,1783580,1790313,4002889,7147785,136,87,49
MO,1986,MO1986,MO2,0.020,0.230,0.068,0.690,0.035,0.756,1783580,1790313,4002889,7147785,136,87,49
MO,1988,MO1988,MO2,0.020,0.230,0.068,0.690,0.035,0.756,1783580,1790313,4002889,7147785,136,87,49
MO,1990,MO1990,MO2,0.020,0.230,0.068,0.690,0.035,0.756,1783580,1790313,4002889,7147785,136,87,49
MO,1992,MO1992,MO3,-0.021,0.244,-0.041,0.469,-0.023,0.549,2149746,1850418,4231571,8000328,136,73,63
MO,1994,MO1994,MO3,-0.021,0.244,-0.041,0.469,-0.023,0.549,2149746,1850418,4231571,8000328,136,73,63
MO,1996,MO1996,MO3,-0.021,0.244,-0.041,0.469,-0.023,0.549,2149746,1850418,4231571,8000328,136,73,63
MO,1998,MO1998,MO3,-0.021,0.244,-0.041,0.469,-0.023,0.549,2149746,1850418,4231571,8000328,136,73,63
MO,2000,MO2000,MO3,-0.021,0.244,-0.041,0.469,-0.023,0.549,2149746,1850418,4231571,8000328,136,73,63
MO,2002,MO2002,MO4,-0.136,0.939,-0.110,0.897,-0.037,0.775,3124241,1721691,4613616,9691864,136,43,93
MO,2004,MO2004,MO4,-0.136,0.939,-0.110,0.897,-0.037,0.775,3124241,1721691,4613616,9691864,136,43,93
MO,2006,MO2006,MO4,-0.136,0.939,-0.110,0.897,-0.037,0.775,3124241,1721691,4613616,9691864,136,43,93
MO,2008,MO2008,MO4,-0.136,0.939,-0.110,0.897,-0.037,0.775,3124241,1721691,4613616,9691864,136,43,93
MO,2010,MO2010,MO4,-0.136,0.939,-0.110,0.897,-0.037,0.775,3124241,1721691,4613616,9691864,136,43,93
MO,2012,MO2012,MO5,-0.107,0.864,-0.106,0.892,-0.041,0.798,2834296,1960329,4216990,9589250,136,37,99
MO,2014,MO2014,MO5,-0.107,0.864,-0.106,0.892,-0.041,0.798,2834296,1960329,4216990,9589250,136,37,99
MO,2016,MO2016,MO5,-0.107,0.864,-0.106,0.892,-0.041,0.798,2834296,1960329,4216990,9589250,136,37,99
MO,2018,MO2018,MO5,-0.107,0.864,-0.106,0.892,-0.041,0.798,2834296,1960329,4216990,9589250,136,37,99
MO,2020,MO2020,MO5,-0.107,0.864,-0.106,0.892,-0.041,0.798,2834296,1960329,4216990,9589250,136,37,99
MS,1991,MS1991,MS3,,0.000,,0.000,,0.000,,,,0,,0,0
MT,1972,MT1972,MT1,0.030,0.338,0.015,0.183,0.008,0.216,282729,292712,556338,1150881,200,100,100
MT,1974,MT1974,MT1,0.030,0.338,0.015,0.183,0.008,0.216,282729,292712,556338,1150881,200,100,100
MT,1976,MT1976,MT1,0.030,0.338,0.015,0.183,0.008,0.216,282729,292712,556338,1150881,200,100,100
MT,1978,MT1978,MT1,0.030,0.338,0.015,0.183,0.008,0.216,282729,292712,556338,1150881,200,100,100
MT,1980,MT1980,MT1,0.030,0.338,0.015,0.183,0.008,0.216,282729,292712,556338,1150881,200,100,100
MT,1982,MT1982,MT2,0.037,0.404,0.010,0.146,0.002,0.056,304354,334647,622706,1278001,200,102,98
MT,1984,MT1984,MT2,0.037,0.404,0.010,0.146,0.002,0.056,304354,334647,622706,1278001,200,102,98
MT,1986,MT1986,MT2,0.037,0.404,0.010,0.146,0.002,0.056,304354,334647,622706,1278001,200,102,98
MT,1988,MT1988,MT2,0.037,0.404,0.010,0.146,0.002,0.056,304354,334647,622706,1278001,200,102,98
MT,1990,MT1990,MT2,0.037,0.404,0.010,0.146,0.002,0.056,304354,334647,622706,1278001,200,102,98
MT,1992,MT1992,MT3,-0.061,0.587,-0.069,0.704,-0.033,0.737,404206,301307,644574,1411026,200,70,130
MT,1994,MT1994,MT3,-0.061,0.587,-0.069,0.704,-0.033,0.737,404206,301307,644574,1411026,200,70,130
MT,1996,MT1996,MT3,-0.061,0.587,-0.069,0.704,-0.033,0.737,404206,301307,644574,1411026,200,70,130
MT,1998,MT1998,MT3,-0.061,0.587,-0.069,0.704,-0.033,0.737,404206,301307,644574,1411026,200,70,130
MT,2000,MT2000,MT3,-0.061,0.587,-0.069,0.704,-0.033,0.737,404206,301307,644574,1411026,200,70,130
MT,2002,MT2002,MT5,0.030,0.347,-0.007,0.099,0.009,0.225,387221,409806,678705,1594054,200,75,125
MT,2014,MT2014,MT5,0.030,0.347,-0.007,0.099,0.009,0.225,387221,409806,678705,1594054,200,75,125
MT,2016,MT2016,MT5,0.030,0.347,-0.007,0.099,0.009,0.225,387221,409806,678705,1594054,200,75,125
MT,2018,MT2018,MT5,0.030,0.347,-0.007,0.099,0.009,0.225,387221,409806,678705,1594054,200,75,125
MT,2020,MT2020,MT5,0.030,0.347,-0.007,0.099,0.009,0.225,387221,409806,678705,1594054,200,75,125
NC,1972,NC1972,NC1,0.066,0.624,0.049,0.535,0.012,0.300,1659639,2051265,4962415,7421809,200,179,21
NC,1974,NC1974,NC1,0.066,0.624,0.049,0.535,0.012,0.300,1659639,2051265,4962415,7421809,200,179,21
NC,1976,NC1976,NC1,0.066,0.624,0.049,0.535,0.012,0.300,1659639,2051265,4962415,7421809,200,179,21
NC,1978,NC1978,NC1,0.066,0.624,0.049,0.535,0.012,0.300,1659639,2051265,4962415,7421809,200,179,21
NC,1980,NC1980,NC1,0.066,0.624,0.049,0.535,0.012,0.300,1659639,2051265,4962415,7421809,200,179,21
NC,1982,NC1982,NC2,0.144,0.958,0.114,0.906,0.038,0.779,1509616,2570480,4521935,8160193,200,151,49
NC,1984,NC1984,NC2,0.144,0.958,0.114,0.906,0.038,0.779,1509616,2570480,4521935,8160193,200,151,49
NC,1986,NC1986,NC2,0.144,0.958,0.114,0.906,0.038,0.779,1509616,2570480,4521935,8160193,200,151,49
NC,1988,NC1988,NC2,0.144,0.958,0.114,0.906,0.038,0.779,1509616,2570480,4521935,8160193,200,151,49
NC,1990,NC1990,NC2,0.144,0.958,0.114,0.906,0.038,0.779,1509616,2570480,4521935,8160193,200,151,49
NC,1992,NC1992,NC3,0.076,0.662,0.066,0.681,0.024,0.568,1923563,2420414,4595157,8687954,200,126,74
NC,1994,NC1994,NC3,0.076,0.662,0.066,0.681,0.024,0.568,1923563,2420414,4595157,8687954,200,126,74
NC,1996,NC1996,NC3,0.076,0.662,0.066,0.681,0.024,0.568,1923563,2420414,4595157,8687954,200,126,74
NC,1998,NC1998,NC3,0.076,0.662,0.066,0.681,0.024,0.568,1923563,2420414,4595157,8687954,200,126,74
NC,2000,NC2000,NC3,0.076,0.662,0.066,0.681,0.024,0.568,1923563,2420414,4595157,8687954,200,126,74
NC,2002,NC2002,NC4,0.021,0.249,0.013,0.174,0.007,0.169,2958426,3155471,6292051,12227792,200,109,91
NC,2004,NC2004,NC4,0.021,0.249,0.013,0.174,0.007,0.169,2958426,3155471,6292051,12227792,200,109,91
NC,2006,NC2006,NC4,0.021,0.249,0.013,0.174,0.007,0.169,2958426,3155471,6292051,12227792,200,109,91
NC,2008,NC2008,NC4,0.021,0.249,0.013,0.174,0.007,0.169,2958426,3155471,6292051,12227792,200,109,91
NC,2010,NC2010,NC4,0.021,0.249,0.013,0.174,0.007,0.169,2958426,3155471,6292051,12227792,200,109,91
NC,2012,NC2012,NC5,-0.163,0.995,-0.148,0.991,-0.062,0.920,2505331,1284019,3672265,7578700,100,31,69
NC,2014,NC2014,NC5,-0.163,0.995,-0.148,0.991,-0.062,0.920,2505331,1284019,3672265,7578700,100,31,69
NC,2016,NC2016,NC5,-0.163,0.995,-0.148,0.991,-0.062,0.920,2505331,1284019,3672265,7578700,100,31,69
NC,2018,NC2018,NC5.1,-0.091,0.793,-0.093,0.859,-0.039,0.784,1062693,773996,1856678,3673377,50,21,29
NC,2020,NC2020,NC5.2,-0.028,0.319,-0.024,0.286,-0.020,0.493,1363450,1284759,2564631,5296418,50,22,28
ND,1982,ND1982,ND2,0.017,0.202,0.010,0.136,0.003,0.070,268115,283814,561389,1103858,204,109,95
ND,1984,ND1984,ND2,0.017,0.202,0.010,0.136,0.003,0.070,268115,283814,561389,1103858,204,109,95
ND,1986,ND1986,ND2,0.017,0.202,0.010,0.136,0.003,0.070,268115,283814,561389,1103858,204,109,95
ND,1988,ND1988,ND2,0.017,0.202,0.010,0.136,0.003,0.070,268115,283814,561389,1103858,204,109,95
ND,1990,ND1990,ND2,0.017,0.202,0.010,0.136,0.003,0.070,268115,283814,561389,1103858,204,109,95
ND,1992,ND1992,ND3,-0.062,0.601,-0.029,0.315,-0.017,0.394,278704,213481,465125,984371,196,75,121
ND,1994,ND1994,ND3,-0.062,0.601,-0.029,0.315,-0.017,0.394,278704,213481,465125,984371,196,75,121
ND,1996,ND1996,ND3,-0.062,0.601,-0.029,0.315,-0.017,0.394,278704,213481,465125,984371,196,75,121
ND,1998,ND1998,ND3,-0.062,0.601,-0.029,0.315,-0.017,0.394,278704,213481,465125,984371,196,75,121
ND,2000,ND2000,ND3,-0.062,0.601,-0.029,0.315,-0.017,0.394,278704,213481,465125,984371,196,75,121
ND,2002,ND2002,ND4,-0.045,0.498,-0.030,0.319,-0.015,0.376,299647,222883,476560,1045060,188,69,119
ND,2004,ND2004,ND4,-0.045,0.498,-0.030,0.319,-0.015,0.376,299647,222883,476560,1045060,188,69,119
ND,2006,ND2006,ND4,-0.045,0.498,-0.030,0.319,-0.015,0.376,299647,222883,476560,1045060,188,69,119
ND,2008,ND2008,ND4,-0.045,0.498,-0.030,0.319,-0.015,0.376,299647,222883,476560,1045060,188,69,119
ND,2010,ND2010,ND4,-0.045,0.498,-0.030,0.319,-0.015,0.376,299647,222883,476560,1045060,188,69,119
ND,2012,ND2012,ND5,-0.053,0.549,-0.038,0.427,-0.030,0.671,337404,263763,462457,1202335,188,41,147
ND,2014,ND2014,ND5,-0.053,0.549,-0.038,0.427,-0.030,0.671,337404,263763,462457,1202335,188,41,147
ND,2016,ND2016,ND5,-0.053,0.549,-0.038,0.427,-0.030,0.671,337404,263763,462457,1202335,188,41,147
ND,2018,ND2018,ND5,-0.053,0.549,-0.038,0.427,-0.030,0.671,337404,263763,462457,1202335,188,41,147
ND,2020,ND2020,ND5,-0.053,0.549,-0.038,0.427,-0.030,0.671,337404,263763,462457,1202335,188,41,147
NH,1972,NH1972,NH1,-0.010,0.122,-0.035,0.399,-0.017,0.423,303281,260880,549476,1128322,96,45,51
NH,1974,NH1974,NH1,-0.010,0.122,-0.035,0.399,-0.017,0.423,303281,260880,549476,1128322,96,45,51
NH,1976,NH1976,NH1,-0.010,0.122,-0.035,0.399,-0.017,0.423,303281,260880,549476,1128322,96,45,51
NH,1978,NH1978,NH1,-0.010,0.122,-0.035,0.399,-0.017,0.423,303281,260880,549476,1128322,96,45,51
NH,1980,NH1980,NH1,-0.010,0.122,-0.035,0.399,-0.017,0.423,303281,260880,549476,1128322,96,45,51
NH,1982,NH1982,NH2,-0.028,0.305,-0.056,0.606,-0.028,0.629,355188,304884,571746,1320144,96,33,63
NH,1984,NH1984,NH2,-0.028,0.305,-0.056,0.606,-0.028,0.629,355188,304884,571746,1320144,96,33,63
NH,1986,NH1986,NH2,-0.028,0.305,-0.056,0.606,-0.028,0.629,355188,304884,571746,1320144,96,33,63
NH,1988,NH1988,NH2,-0.028,0.305,-0.056,0.606,-0.028,0.629,355188,304884,571746,1320144,96,33,63
NH,1990,NH1990,NH2,-0.028,0.305,-0.056,0.606,-0.028,0.629,355188,304884,571746,1320144,96,33,63
NH,1992,NH1992,NH3,-0.024,0.277,-0.002,0.033,0.006,0.136,455050,383515,783146,1677130,96,39,57
NH,1994,NH1994,NH3,-0.024,0.277,-0.002,0.033,0.006,0.136,455050,383515,783146,1677130,96,39,57
NH,1996,NH1996,NH3,-0.024,0.277,-0.002,0.033,0.006,0.136,455050,383515,783146,1677130,96,39,57
NH,1998,NH1998,NH3,-0.024,0.277,-0.002,0.033,0.006,0.136,455050,383515,783146,1677130,96,39,57
NH,2000,NH2000,NH3,-0.024,0.277,-0.002,0.033,0.006,0.136,455050,383515,783146,1677130,96,39,57
NH,2002,NH2002,NH4,-0.044,0.488,0.001,0.028,0.011,0.272,581805,476712,1038363,2117035,96,42,54
NH,2004,NH2004,NH4,-0.044,0.488,0.001,0.028,0.011,0.272,581805,476712,1038363,2117035,96,42,54
NH,2006,NH2006,NH4,-0.044,0.488,0.001,0.028,0.011,0.272,581805,476712,1038363,2117035,96,42,54
NH,2008,NH2008,NH4,-0.044,0.488,0.001,0.028,0.011,0.272,581805,476712,1038363,2117035,96,42,54
NH,2010,NH2010,NH4,-0.044,0.488,0.001,0.028,0.011,0.272,581805,476712,1038363,2117035,96,42,54
NH,2012,NH2012,NH5,-0.045,0.502,-0.051,0.568,-0.019,0.469,703770,537799,1246416,2483137,96,44,52
NH,2014,NH2014,NH5,-0.045,0.502,-0.051,0.568,-0.019,0.469,703770,537799,1246416,2483137,96,44,52
NH,2016,NH2016,NH5,-0.045,0.502,-0.051,0.568,-0.019,0.469,703770,537799,1246416,2483137,96,44,52
NH,2018,NH2018,NH5,-0.045,0.502,-0.051,0.568,-0.019,0.469,703770,537799,1246416,2483137,96,44,52
NH,2020,NH2020,NH5,-0.045,0.502,-0.051,0.568,-0.019,0.469,703770,537799,1246416,2483137,96,44,52
NJ,1973,NJ1973,NJ1,0.074,0.653,-0.009,0.122,0.000,0.019,880008,1061502,2203831,3883019,80,57,23
NJ,1977,NJ1977,NJ1,0.074,0.653,-0.009,0.122,0.000,0.019,880008,1061502,2203831,3883019,80,57,23
NJ,1981,NJ1981,NJ1.1,0.047,0.516,0.032,0.347,0.018,0.427,813373,865681,1746999,3358108,80,47,33
NJ,1985,NJ1985,NJ1.1,0.047,0.516,0.032,0.347,0.018,0.427,813373,865681,1746999,3358108,80,47,33
NJ,1989,NJ1989,NJ1.1,0.047,0.516,0.032,0.347,0.018,0.427,813373,865681,1746999,3358108,80,47,33
NJ,1993,NJ1993,NJ2,-0.039,0.423,-0.090,0.836,-0.051,0.878,1345373,905728,2112680,4502202,80,32,48
NJ,1997,NJ1997,NJ2,-0.039,0.423,-0.090,0.836,-0.051,0.878,1345373,905728,2112680,4502202,80,32,48
NJ,2001,NJ2001,NJ3,0.044,0.479,0.016,0.207,0.017,0.413,787496,694922,1510253,2964835,80,45,35
NJ,2005,NJ2005,NJ3,0.044,0.479,0.016,0.207,0.017,0.413,787496,694922,1510253,2964835,80,45,35
NJ,2009,NJ2009,NJ3,0.044,0.479,0.016,0.207,0.017,0.413,787496,694922,1510253,2964835,80,45,35
NJ,2013,NJ2013,NJ4,0.039,0.432,0.034,0.394,0.033,0.728,1053158,946084,2149454,3998484,80,49,31
NJ,2017,NJ2017,NJ4,0.039,0.432,0.034,0.394,0.033,0.728,1053158,946084,2149454,3998484,80,49,31
NM,1972,NM1972,NM1,0.113,0.887,0.035,0.404,0.006,0.141,307352,457037,825229,1528776,168,117,51
NM,1974,NM1974,NM1,0.113,0.887,0.035,0.404,0.006,0.141,307352,457037,825229,1528776,168,117,51
NM,1976,NM1976,NM1,0.113,0.887,0.035,0.404,0.006,0.141,307352,457037,825229,1528776,168,117,51
NM,1978,NM1978,NM1,0.113,0.887,0.035,0.404,0.006,0.141,307352,457037,825229,1528776,168,117,51
NM,1980,NM1980,NM1,0.113,0.887,0.035,0.404,0.006,0.141,307352,457037,825229,1528776,168,117,51
NM,1982,NM1982,NM2,0.003,0.042,-0.007,0.089,-0.002,0.047,244392,243275,509661,975333,82,45,37
NM,1984,NM1984,NM2,0.003,0.042,-0.007,0.089,-0.002,0.047,244392,243275,509661,975333,82,45,37
NM,1988,NM1988,NM2,0.003,0.042,-0.007,0.089,-0.002,0.047,244392,243275,509661,975333,82,45,37
NM,1990,NM1990,NM3,0.050,0.535,0.039,0.437,0.036,0.761,260516,287005,565846,1095041,84,49,35
NM,1996,NM1996,NM3,0.050,0.535,0.039,0.437,0.036,0.761,260516,287005,565846,1095041,84,49,35
NM,2000,NM2000,NM3,0.050,0.535,0.039,0.437,0.036,0.761,260516,287005,565846,1095041,84,49,35
NM,2002,NM2002,NM4,-0.016,0.183,0.017,0.221,0.010,0.244,426005,379121,905290,1610252,84,51,33
NM,2004,NM2004,NM4,-0.016,0.183,0.017,0.221,0.010,0.244,426005,379121,905290,1610252,84,51,33
NM,2008,NM2008,NM4,-0.016,0.183,0.017,0.221,0.010,0.244,426005,379121,905290,1610252,84,51,33
NM,2010,NM2010,NM5,0.055,0.554,0.015,0.188,-0.006,0.164,399320,494462,961657,1787566,84,53,31
NM,2016,NM2016,NM5,0.055,0.554,0.015,0.188,-0.006,0.164,399320,494462,961657,1787566,84,53,31
NM,2020,NM2020,NM5,0.055,0.554,0.015,0.188,-0.006,0.164,399320,494462,961657,1787566,84,53,31
NV,2012,NV2012,NV5,0.028,0.315,-0.002,0.047,-0.010,0.268,953673,935955,1930672,3779256,84,46,38
NV,2014,NV2014,NV5,0.028,0.315,-0.002,0.047,-0.010,0.268,953673,935955,1930672,3779256,84,46,38
NV,2016,NV2016,NV5,0.028,0.315,-0.002,0.047,-0.010,0.268,953673,935955,1930672,3779256,84,46,38
NV,2018,NV2018,NV5,0.028,0.315,-0.002,0.047,-0.010,0.268,953673,935955,1930672,3779256,84,46,38
NV,2020,NV2020,NV5,0.028,0.315,-0.002,0.047,-0.010,0.268,953673,935955,1930672,3779256,84,46,38
NY,1972,NY1972,NY1,-0.056,0.563,-0.097,0.864,-0.100,0.991,6544893,3430963,9746765,19951712,240,101,139
NY,1974,NY1974,NY1,-0.056,0.563,-0.097,0.864,-0.100,0.991,6544893,3430963,9746765,19951712,240,101,139
NY,1976,NY1976,NY1,-0.056,0.563,-0.097,0.864,-0.100,0.991,6544893,3430963,9746765,19951712,240,101,139
NY,1978,NY1978,NY1,-0.056,0.563,-0.097,0.864,-0.100,0.991,6544893,3430963,9746765,19951712,240,101,139
NY,1980,NY1980,NY1,-0.056,0.563,-0.097,0.864,-0.100,0.991,6544893,3430963,9746765,19951712,240,101,139
NY,1982,NY1982,NY2,-0.047,0.521,-0.077,0.737,-0.112,0.995,5843273,3957461,9545689,19601469,244,105,139
NY,1984,NY1984,NY2,-0.047,0.521,-0.077,0.737,-0.112,0.995,5843273,3957461,9545689,19601469,244,105,139
NY,1986,NY1986,NY2,-0.047,0.521,-0.077,0.737,-0.112,0.995,5843273,3957461,9545689,19601469,244,105,139
NY,1988,NY1988,NY2,-0.047,0.521,-0.077,0.737,-0.112,0.995,5843273,3957461,9545689,19601469,244,105,139
NY,1990,NY1990,NY2,-0.047,0.521,-0.077,0.737,-0.112,0.995,5843273,3957461,9545689,19601469,244,105,139
NY,1992,NY1992,NY3,-0.084,0.737,-0.090,0.840,-0.128,1.000,6660858,3494485,10235912,20310685,244,102,142
NY,1994,NY1994,NY3,-0.084,0.737,-0.090,0.840,-0.128,1.000,6660858,3494485,10235912,20310685,244,102,142
NY,1996,NY1996,NY3,-0.084,0.737,-0.090,0.840,-0.128,1.000,6660858,3494485,10235912,20310685,244,102,142
NY,1998,NY1998,NY3,-0.084,0.737,-0.090,0.840,-0.128,1.000,6660858,3494485,10235912,20310685,244,102,142
NY,2000,NY2000,NY3,-0.084,0.737,-0.090,0.840,-0.128,1.000,6660858,3494485,10235912,20310685,244,102,142
NY,2002,NY2002,NY4,-0.112,0.883,-0.089,0.826,-0.100,0.986,7397735,3713729,12061055,22222928,248,117,131
NY,2004,NY2004,NY4,-0.112,0.883,-0.089,0.826,-0.100,0.986,7397735,3713729,12061055,22222928,248,117,131
NY,2006,NY2006,NY4,-0.112,0.883,-0.089,0.826,-0.100,0.986,7397735,3713729,12061055,22222928,248,117,131
NY,2008,NY2008,NY4,-0.112,0.883,-0.089,0.826,-0.100,0.986,7397735,3713729,12061055,22222928,248,117,131
NY,2010,NY2010,NY4,-0.112,0.883,-0.089,0.826,-0.100,0.986,7397735,3713729,12061055,22222928,248,117,131
NY,2012,NY2012,NY5,-0.087,0.761,-0.069,0.709,-0.076,0.967,8033258,5099973,15449078,26266461,252,146,106
NY,2014,NY2014,NY5,-0.087,0.761,-0.069,0.709,-0.076,0.967,8033258,5099973,15449078,26266461,252,146,106
NY,2016,NY2016,NY5,-0.087,0.761,-0.069,0.709,-0.076,0.967,8033258,5099973,15449078,26266461,252,146,106
NY,2018,NY2018,NY5,-0.087,0.761,-0.069,0.709,-0.076,0.967,8033258,5099973,15449078,26266461,252,146,106
NY,2020,NY2020,NY5,-0.087,0.761,-0.069,0.709,-0.076,0.967,8033258,5099973,15449078,26266461,252,146,106
OH,1972,OH1972,OH1,0.043,0.474,-0.050,0.559,-0.028,0.648,3228211,3207815,6592073,12872053,132,75,57
OH,1974,OH1974,OH1,0.043,0.474,-0.050,0.559,-0.028,0.648,3228211,3207815,6592073,12872053,132,75,57
OH,1976,OH1976,OH1,0.043,0.474,-0.050,0.559,-0.028,0.648,3228211,3207815,6592073,12872053,132,75,57
OH,1978,OH1978,OH1,0.043,0.474,-0.050,0.559,-0.028,0.648,3228211,3207815,6592073,12872053,132,75,57
OH,1980,OH1980,OH1,0.043,0.474,-0.050,0.559,-0.028,0.648,3228211,3207815,6592073,12872053,132,75,57
OH,1982,OH1982,OH2,-0.048,0.526,-0.064,0.662,-0.029,0.657,4356437,2909716,7061802,14532305,132,56,76
OH,1984,OH1984,OH2,-0.048,0.526,-0.064,0.662,-0.029,0.657,4356437,2909716,7061802,14532305,132,56,76
OH,1986,OH1986,OH2,-0.048,0.526,-0.064,0.662,-0.029,0.657,4356437,2909716,7061802,14532305,132,56,76
OH,1988,OH1988,OH2,-0.048,0.526,-0.064,0.662,-0.029,0.657,4356437,2909716,7061802,14532305,132,56,76
OH,1990,OH1990,OH2,-0.048,0.526,-0.064,0.662,-0.029,0.657,4356437,2909716,7061802,14532305,132,56,76
OH,1992,OH1992,OH3,-0.039,0.427,-0.082,0.775,-0.047,0.845,4459206,3081140,6863979,15080692,132,49,83
OH,1994,OH1994,OH3,-0.039,0.427,-0.082,0.775,-0.047,0.845,4459206,3081140,6863979,15080692,132,49,83
OH,1996,OH1996,OH3,-0.039,0.427,-0.082,0.775,-0.047,0.845,4459206,3081140,6863979,15080692,132,49,83
OH,1998,OH1998,OH3,-0.039,0.427,-0.082,0.775,-0.047,0.845,4459206,3081140,6863979,15080692,132,49,83
OH,2000,OH2000,OH3,-0.039,0.427,-0.082,0.775,-0.047,0.845,4459206,3081140,6863979,15080692,132,49,83
OH,2002,OH2002,OH4,-0.093,0.803,-0.126,0.939,-0.068,0.948,5747502,3012794,8184133,17520593,132,45,87
OH,2004,OH2004,OH4,-0.093,0.803,-0.126,0.939,-0.068,0.948,5747502,3012794,8184133,17520593,132,45,87
OH,2006,OH2006,OH4,-0.093,0.803,-0.126,0.939,-0.068,0.948,5747502,3012794,8184133,17520593,132,45,87
OH,2008,OH2008,OH4,-0.093,0.803,-0.126,0.939,-0.068,0.948,5747502,3012794,8184133,17520593,132,45,87
OH,2010,OH2010,OH4,-0.093,0.803,-0.126,0.939,-0.068,0.948,5747502,3012794,8184133,17520593,132,45,87
OH,2012,OH2012,OH5,-0.094,0.812,-0.136,0.967,-0.053,0.887,5789591,3144229,7765962,17867640,132,36,96
OH,2014,OH2014,OH5,-0.094,0.812,-0.136,0.967,-0.053,0.887,5789591,3144229,7765962,17867640,132,36,96
OH,2016,OH2016,OH5,-0.094,0.812,-0.136,0.967,-0.053,0.887,5789591,3144229,7765962,17867640,132,36,96
OH,2018,OH2018,OH5,-0.094,0.812,-0.136,0.967,-0.053,0.887,5789591,3144229,7765962,17867640,132,36,96
OH,2020,OH2020,OH5,-0.094,0.812,-0.136,0.967,-0.053,0.887,5789591,3144229,7765962,17867640,132,36,96
OK,1972,OK1972,OK1,0.110,0.878,0.066,0.676,0.019,0.474,727257,1070381,2144087,3595276,192,154,38
OK,1974,OK1974,OK1,0.110,0.878,0.066,0.676,0.019,0.474,727257,1070381,2144087,3595276,192,154,38
OK,1976,OK1976,OK1,0.110,0.878,0.066,0.676,0.019,0.474,727257,1070381,2144087,3595276,192,154,38
OK,1978,OK1978,OK1,0.110,0.878,0.066,0.676,0.019,0.474,727257,1070381,2144087,3595276,192,154,38
OK,1980,OK1980,OK1,0.110,0.878,0.066,0.676,0.019,0.474,727257,1070381,2144087,3595276,192,154,38
OK,1982,OK1982,OK2,0.061,0.592,0.000,0.019,0.005,0.127,904113,1070014,2242027,3948254,188,131,57
OK,1984,OK1984,OK2,0.061,0.592,0.000,0.019,0.005,0.127,904113,1070014,2242027,3948254,188,131,57
OK,1986,OK1986,OK2,0.061,0.592,0.000,0.019,0.005,0.127,904113,1070014,2242027,3948254,188,131,57
OK,1988,OK1988,OK2,0.061,0.592,0.000,0.019,0.005,0.127,904113,1070014,2242027,3948254,188,131,57
OK,1990,OK1990,OK2,0.061,0.592,0.000,0.019,0.005,0.127,904113,1070014,2242027,3948254,188,131,57
OK,1992,OK1992,OK3,0.145,0.962,0.072,0.718,0.028,0.638,848161,1323533,2255733,4343387,192,131,61
OK,1994,OK1994,OK3,0.145,0.962,0.072,0.718,0.028,0.638,848161,1323533,2255733,4343387,192,131,61
OK,1996,OK1996,OK3,0.145,0.962,0.072,0.718,0.028,0.638,848161,1323533,2255733,4343387,192,131,61
OK,1998,OK1998,OK3,0.145,0.962,0.072,0.718,0.028,0.638,848161,1323533,2255733,4343387,192,131,61
OK,2000,OK2000,OK3,0.145,0.962,0.072,0.718,0.028,0.638,848161,1323533,2255733,4343387,192,131,61
OK,2002,OK2002,OK4,0.010,0.127,-0.042,0.479,-0.012,0.315,1242354,1159046,2268149,4802799,192,87,105
OK,2004,OK2004,OK4,0.010,0.127,-0.042,0.479,-0.012,0.315,1242354,1159046,2268149,4802799,192,87,105
OK,2006,OK2006,OK4,0.010,0.127,-0.042,0.479,-0.012,0.315,1242354,1159046,2268149,4802799,192,87,105
OK,2008,OK2008,OK4,0.010,0.127,-0.042,0.479,-0.012,0.315,1242354,1159046,2268149,4802799,192,87,105
OK,2010,OK2010,OK4,0.010,0.127,-0.042,0.479,-0.012,0.315,1242354,1159046,2268149,4802799,192,87,105
OK,2012,OK2012,OK5,-0.135,0.930,-0.105,0.887,-0.031,0.685,1573110,874143,1935055,4894504,192,31,161
OK,2014,OK2014,OK5,-0.135,0.930,-0.105,0.887,-0.031,0.685,1573110,874143,1935055,4894504,192,31,161
OK,2016,OK2016,OK5,-0.135,0.930,-0.105,0.887,-0.031,0.685,1573110,874143,1935055,4894504,192,31,161
OK,2018,OK2018,OK5,-0.135,0.930,-0.105,0.887,-0.031,0.685,1573110,874143,1935055,4894504,192,31,161
OK,2020,OK2020,OK5,-0.135,0.930,-0.105,0.887,-0.031,0.685,1573110,874143,1935055,4894504,192,31,161
OR,1972,OR1972,OR1,0.162,0.991,0.092,0.854,0.025,0.592,612200,1115878,1918451,3456157,120,93,27
OR,1974,OR1974,OR1,0.162,0.991,0.092,0.854,0.025,0.592,612200,1115878,1918451,3456157,120,93,27
OR,1976,OR1976,OR1,0.162,0.991,0.092,0.854,0.025,0.592,612200,1115878,1918451,3456157,120,93,27
OR,1978,OR1978,OR1,0.162,0.991,0.092,0.854,0.025,0.592,612200,1115878,1918451,3456157,120,93,27
OR,1980,OR1980,OR1,0.162,0.991,0.092,0.854,0.025,0.592,612200,1115878,1918451,3456157,120,93,27
OR,1982,OR1982,OR2,0.019,0.225,-0.032,0.343,-0.010,0.258,1052026,1112380,2357110,4328811,120,73,47
OR,1984,OR1984,OR2,0.019,0.225,-0.032,0.343,-0.010,0.258,1052026,1112380,2357110,4328811,120,73,47
OR,1986,OR1986,OR2,0.019,0.225,-0.032,0.343,-0.010,0.258,1052026,1112380,2357110,4328811,120,73,47
OR,1988,OR1988,OR2,0.019,0.225,-0.032,0.343,-0.010,0.258,1052026,1112380,2357110,4328811,120,73,47
OR,1990,OR1990,OR2,0.019,0.225,-0.032,0.343,-0.010,0.258,1052026,1112380,2357110,4328811,120,73,47
OR,1992,OR1992,OR3,-0.080,0.695,-0.058,0.648,-0.025,0.596,1447949,985237,2403312,4866373,120,49,71
OR,1994,OR1994,OR3,-0.080,0.695,-0.058,0.648,-0.025,0.596,1447949,985237,2403312,4866373,120,49,71
OR,1996,OR1996,OR3,-0.080,0.695,-0.058,0.648,-0.025,0.596,1447949,985237,2403312,4866373,120,49,71
OR,1998,OR1998,OR3,-0.080,0.695,-0.058,0.648,-0.025,0.596,1447949,985237,2403312,4866373,120,49,71
OR,2000,OR2000,OR3,-0.080,0.695,-0.058,0.648,-0.025,0.596,1447949,985237,2403312,4866373,120,49,71
OR,2002,OR2002,OR4,0.078,0.685,0.041,0.465,0.017,0.404,1244525,1630892,2973783,5750833,116,71,45
OR,2004,OR2004,OR4,0.078,0.685,0.041,0.465,0.017,0.404,1244525,1630892,2973783,5750833,116,71,45
OR,2006,OR2006,OR4,0.078,0.685,0.041,0.465,0.017,0.404,1244525,1630892,2973783,5750833,116,71,45
OR,2008,OR2008,OR4,0.078,0.685,0.041,0.465,0.017,0.404,1244525,1630892,2973783,5750833,116,71,45
OR,2010,OR2010,OR4,0.078,0.685,0.041,0.465,0.017,0.404,1244525,1630892,2973783,5750833,116,71,45
OR,2012,OR2012,OR5,0.015,0.174,0.012,0.155,0.008,0.221,1691113,1649407,3582451,6681041,120,70,50
OR,2014,OR2014,OR5,0.015,0.174,0.012,0.155,0.008,0.221,1691113,1649407,3582451,6681041,120,70,50
OR,2016,OR2016,OR5,0.015,0.174,0.012,0.155,0.008,0.221,1691113,1649407,3582451,6681041,120,70,50
OR,2018,OR2018,OR5,0.015,0.174,0.012,0.155,0.008,0.221,1691113,1649407,3582451,6681041,120,70,50
OR,2020,OR2020,OR5,0.015,0.174,0.012,0.155,0.008,0.221,1691113,1649407,3582451,6681041,120,70,50
PA,1972,PA1972,PA1,0.004,0.061,0.006,0.080,0.001,0.023,3950321,3744219,8044289,15389079,200,110,90
PA,1974,PA1974,PA1,0.004,0.061,0.006,0.080,0.001,0.023,3950321,3744219,8044289,15389079,200,110,90
PA,1976,PA1976,PA1,0.004,0.061,0.006,0.080,0.001,0.023,3950321,3744219,8044289,15389079,200,110,90
PA,1978,PA1978,PA1,0.004,0.061,0.006,0.080,0.001,0.023,3950321,3744219,8044289,15389079,200,110,90
PA,1980,PA1980,PA1,0.004,0.061,0.006,0.080,0.001,0.023,3950321,3744219,8044289,15389079,200,110,90
PA,1982,PA1982,PA2,-0.068,0.638,-0.031,0.338,-0.039,0.789,4595186,3228773,8163288,15647916,200,95,105
PA,1984,PA1984,PA2,-0.068,0.638,-0.031,0.338,-0.039,0.789,4595186,3228773,8163288,15647916,200,95,105
PA,1986,PA1986,PA2,-0.068,0.638,-0.031,0.338,-0.039,0.789,4595186,3228773,8163288,15647916,200,95,105
PA,1988,PA1988,PA2,-0.068,0.638,-0.031,0.338,-0.039,0.789,4595186,3228773,8163288,15647916,200,95,105
PA,1990,PA1990,PA2,-0.068,0.638,-0.031,0.338,-0.039,0.789,4595186,3228773,8163288,15647916,200,95,105
PA,1992,PA1992,PA3,-0.062,0.596,-0.083,0.784,-0.063,0.925,4418120,3204366,7385037,15244971,200,81,119
PA,1994,PA1994,PA3,-0.062,0.596,-0.083,0.784,-0.063,0.925,4418120,3204366,7385037,15244971,200,81,119
PA,1996,PA1996,PA3,-0.062,0.596,-0.083,0.784,-0.063,0.925,4418120,3204366,7385037,15244971,200,81,119
PA,1998,PA1998,PA3,-0.062,0.596,-0.083,0.784,-0.063,0.925,4418120,3204366,7385037,15244971,200,81,119
PA,2000,PA2000,PA3,-0.062,0.596,-0.083,0.784,-0.063,0.925,4418120,3204366,7385037,15244971,200,81,119
PA,2002,PA2002,PA4,-0.087,0.770,-0.090,0.831,-0.065,0.930,5687244,3834506,9505389,19043499,200,82,118
PA,2004,PA2004,PA4,-0.087,0.770,-0.090,0.831,-0.065,0.930,5687244,3834506,9505389,19043499,200,82,118
PA,2006,PA2006,PA4,-0.087,0.770,-0.090,0.831,-0.065,0.930,5687244,3834506,9505389,19043499,200,82,118
PA,2008,PA2008,PA4,-0.087,0.770,-0.090,0.831,-0.065,0.930,5687244,3834506,9505389,19043499,200,82,118
PA,2010,PA2010,PA4,-0.087,0.770,-0.090,0.831,-0.065,0.930,5687244,3834506,9505389,19043499,200,82,118
PA,2012,PA2012,PA5,-0.076,0.671,-0.085,0.793,-0.031,0.690,5846645,4653948,10220805,21001187,200,79,121
PA,2014,PA2014,PA5,-0.076,0.671,-0.085,0.793,-0.031,0.690,5846645,4653948,10220805,21001187,200,79,121
PA,2016,PA2016,PA5,-0.076,0.671,-0.085,0.793,-0.031,0.690,5846645,4653948,10220805,21001187,200,79,121
PA,2018,PA2018,PA5,-0.076,0.671,-0.085,0.793,-0.031,0.690,5846645,4653948,10220805,21001187,200,79,121
PA,2020,PA2020,PA5,-0.076,0.671,-0.085,0.793,-0.031,0.690,5846645,4653948,10220805,21001187,200,79,121
RI,1972,RI1972,RI1,0.084,0.728,0.077,0.732,0.020,0.507,291669,392718,898676,1368774,200,180,20
RI,1974,RI1974,RI1,0.084,0.728,0.077,0.732,0.020,0.507,291669,392718,898676,1368774,200,180,20
RI,1976,RI1976,RI1,0.084,0.728,0.077,0.732,0.020,0.507,291669,392718,898676,1368774,200,180,20
RI,1978,RI1978,RI1,0.084,0.728,0.077,0.732,0.020,0.507,291669,392718,898676,1368774,200,180,20
RI,1980,RI1980,RI1,0.084,0.728,0.077,0.732,0.020,0.507,291669,392718,898676,1368774,200,180,20
RI,1982,RI1982,RI2,0.078,0.681,0.086,0.803,0.031,0.681,316312,414232,898175,1461086,200,161,39
RI,1984,RI1984,RI2,0.078,0.681,0.086,0.803,0.031,0.681,316312,414232,898175,1461086,200,161,39
RI,1986,RI1986,RI2,0.078,0.681,0.086,0.803,0.031,0.681,316312,414232,898175,1461086,200,161,39
RI,1988,RI1988,RI2,0.078,0.681,0.086,0.803,0.031,0.681,316312,414232,898175,1461086,200,161,39
RI,1990,RI1990,RI2,0.078,0.681,0.086,0.803,0.031,0.681,316312,414232,898175,1461086,200,161,39
RI,1992,RI1992,RI3,0.036,0.394,0.104,0.883,0.036,0.770,330941,369472,911178,1400825,200,167,33
RI,1994,RI1994,RI3,0.036,0.394,0.104,0.883,0.036,0.770,330941,369472,911178,1400825,200,167,33
RI,1996,RI1996,RI3,0.036,0.394,0.104,0.883,0.036,0.770,330941,369472,911178,1400825,200,167,33
RI,1998,RI1998,RI3,0.036,0.394,0.104,0.883,0.036,0.770,330941,369472,911178,1400825,200,167,33
RI,2000,RI2000,RI3,0.036,0.394,0.104,0.883,0.036,0.770,330941,369472,911178,1400825,200,167,33
RI,2002,RI2002,RI4,0.076,0.667,0.016,0.192,0.012,0.319,176215,224017,516915,800466,76,66,10
RI,2004,RI2004,RI4,0.076,0.667,0.016,0.192,0.012,0.319,176215,224017,516915,800466,76,66,10
RI,2006,RI2006,RI4,0.076,0.667,0.016,0.192,0.012,0.319,176215,224017,516915,800466,76,66,10
RI,2008,RI2008,RI4.1,0.087,0.751,-0.042,0.484,-0.012,0.329,161687,209852,467373,743078,76,64,12
RI,2010,RI2010,RI4.1,0.087,0.751,-0.042,0.484,-0.012,0.329,161687,209852,467373,743078,76,64,12
RI,2012,RI2012,RI5,0.071,0.643,-0.035,0.413,-0.011,0.282,388352,512001,1163686,1800706,152,132,20
RI,2014,RI2014,RI5,0.071,0.643,-0.035,0.413,-0.011,0.282,388352,512001,1163686,1800706,152,132,20
RI,2016,RI2016,RI5,0.071,0.643,-0.035,0.413,-0.011,0.282,388352,512001,1163686,1800706,152,132,20
RI,2018,RI2018,RI5,0.071,0.643,-0.035,0.413,-0.011,0.282,388352,512001,1163686,1800706,152,132,20
RI,2020,RI2020,RI5,0.071,0.643,-0.035,0.413,-0.011,0.282,388352,512001,1163686,1800706,152,132,20
SC,1984,SC1984,SC2,0.124,0.906,0.034,0.380,0.002,0.066,390470,609443,1146717,1999826,92,71,21
SC,1988,SC1988,SC2,0.124,0.906,0.034,0.380,0.002,0.066,390470,609443,1146717,1999826,92,71,21
SC,1992,SC1992,SC3,0.035,0.376,0.012,0.150,0.005,0.117,581185,616029,1195524,2394428,92,49,43
SC,1996,SC1996,SC3,0.035,0.376,0.012,0.150,0.005,0.117,581185,616029,1195524,2394428,92,49,43
SC,2000,SC2000,SC3,0.035,0.376,0.012,0.150,0.005,0.117,581185,616029,1195524,2394428,92,49,43
SC,2004,SC2004,SC4,-0.038,0.408,-0.065,0.667,-0.074,0.962,916118,737768,1591102,3307773,92,39,53
SC,2008,SC2008,SC4,-0.038,0.408,-0.065,0.667,-0.074,0.962,916118,737768,1591102,3307773,92,39,53
SC,2012,SC2012,SC5,-0.014,0.155,-0.076,0.728,-0.048,0.850,1176334,1025471,1940366,4403610,92,34,58
SC,2016,SC2016,SC5,-0.014,0.155,-0.076,0.728,-0.048,0.850,1176334,1025471,1940366,4403610,92,34,58
SC,2020,SC2020,SC5,-0.014,0.155,-0.076,0.728,-0.048,0.850,1176334,1025471,1940366,4403610,92,34,58
SD,1972,SD1972,SD1,-0.088,0.775,-0.017,0.216,-0.012,0.305,341231,237462,549850,1157385,140,51,89
SD,1974,SD1974,SD1,-0.088,0.775,-0.017,0.216,-0.012,0.305,341231,237462,549850,1157385,140,51,89
SD,1976,SD1976,SD1,-0.088,0.775,-0.017,0.216,-0.012,0.305,341231,237462,549850,1157385,140,51,89
SD,1978,SD1978,SD1,-0.088,0.775,-0.017,0.216,-0.012,0.305,341231,237462,549850,1157385,140,51,89
SD,1980,SD1980,SD1,-0.088,0.775,-0.017,0.216,-0.012,0.305,341231,237462,549850,1157385,140,51,89
SD,1982,SD1982,SD2,-0.083,0.718,-0.068,0.695,-0.020,0.502,350336,237443,564739,1175559,140,53,87
SD,1984,SD1984,SD2,-0.083,0.718,-0.068,0.695,-0.020,0.502,350336,237443,564739,1175559,140,53,87
SD,1986,SD1986,SD2,-0.083,0.718,-0.068,0.695,-0.020,0.502,350336,237443,564739,1175559,140,53,87
SD,1988,SD1988,SD2,-0.083,0.718,-0.068,0.695,-0.020,0.502,350336,237443,564739,1175559,140,53,87
SD,1990,SD1990,SD2,-0.083,0.718,-0.068,0.695,-0.020,0.502,350336,237443,564739,1175559,140,53,87
SD,1992,SD1992,SD3,-0.031,0.352,-0.059,0.653,-0.025,0.582,323550,265225,535982,1177552,140,53,87
SD,1994,SD1994,SD3,-0.031,0.352,-0.059,0.653,-0.025,0.582,323550,265225,535982,1177552,140,53,87
SD,1996,SD1996,SD3,-0.031,0.352,-0.059,0.653,-0.025,0.582,323550,265225,535982,1177552,140,53,87
SD,1998,SD1998,SD3,-0.031,0.352,-0.059,0.653,-0.025,0.582,323550,265225,535982,1177552,140,53,87
SD,2000,SD2000,SD3,-0.031,0.352,-0.059,0.653,-0.025,0.582,323550,265225,535982,1177552,140,53,87
SD,2002,SD2002,SD4,-0.052,0.540,-0.036,0.418,-0.013,0.357,375118,288132,579821,1326501,140,45,95
SD,2004,SD2004,SD4,-0.052,0.540,-0.036,0.418,-0.013,0.357,375118,288132,579821,1326501,140,45,95
SD,2006,SD2006,SD4,-0.052,0.540,-0.036,0.418,-0.013,0.357,375118,288132,579821,1326501,140,45,95
SD,2008,SD2008,SD4,-0.052,0.540,-0.036,0.418,-0.013,0.357,375118,288132,579821,1326501,140,45,95
SD,2010,SD2010,SD4,-0.052,0.540,-0.036,0.418,-0.013,0.357,375118,288132,579821,1326501,140,45,95
SD,2012,SD2012,SD5,-0.103,0.859,-0.045,0.512,-0.015,0.380,421826,264131,516320,1371914,140,22,118
SD,2014,SD2014,SD5,-0.103,0.859,-0.045,0.512,-0.015,0.380,421826,264131,516320,1371914,140,22,118
SD,2016,SD2016,SD5,-0.103,0.859,-0.045,0.512,-0.015,0.380,421826,264131,516320,1371914,140,22,118
SD,2018,SD2018,SD5,-0.103,0.859,-0.045,0.512,-0.015,0.380,421826,264131,516320,1371914,140,22,118
SD,2020,SD2020,SD5,-0.103,0.859,-0.045,0.512,-0.015,0.380,421826,264131,516320,1371914,140,22,118
TN,1972,TN1972,TN1,0.057,0.568,0.080,0.746,0.044,0.826,703580,857447,1713696,3122053,96,63,33
TN,1974,TN1974,TN1,0.057,0.568,0.080,0.746,0.044,0.826,703580,857447,1713696,3122053,96,63,33
TN,1976,TN1976,TN1,0.057,0.568,0.080,0.746,0.044,0.826,703580,857447,1713696,3122053,96,63,33
TN,1978,TN1978,TN1,0.057,0.568,0.080,0.746,0.044,0.826,703580,857447,1713696,3122053,96,63,33
TN,1980,TN1980,TN1.1,0.136,0.934,0.065,0.671,0.020,0.484,236616,376192,606065,1225616,32,20,12
TN,1982,TN1982,TN2,0.087,0.765,0.052,0.577,0.027,0.615,909764,1339114,2450466,4497756,132,90,42
TN,1984,TN1984,TN2,0.087,0.765,0.052,0.577,0.027,0.615,909764,1339114,2450466,4497756,132,90,42
TN,1986,TN1986,TN2,0.087,0.765,0.052,0.577,0.027,0.615,909764,1339114,2450466,4497756,132,90,42
TN,1988,TN1988,TN2,0.087,0.765,0.052,0.577,0.027,0.615,909764,1339114,2450466,4497756,132,90,42
TN,1990,TN1990,TN2,0.087,0.765,0.052,0.577,0.027,0.615,909764,1339114,2450466,4497756,132,90,42
TN,1992,TN1992,TN3,0.009,0.103,-0.005,0.075,0.003,0.075,1353076,1553306,3017731,5812764,132,72,60
TN,1994,TN1994,TN3,0.009,0.103,-0.005,0.075,0.003,0.075,1353076,1553306,3017731,5812764,132,72,60
TN,1996,TN1996,TN3,0.009,0.103,-0.005,0.075,0.003,0.075,1353076,1553306,3017731,5812764,132,72,60
TN,1998,TN1998,TN3,0.009,0.103,-0.005,0.075,0.003,0.075,1353076,1553306,3017731,5812764,132,72,60
TN,2000,TN2000,TN3,0.009,0.103,-0.005,0.075,0.003,0.075,1353076,1553306,3017731,5812764,132,72,60
TN,2002,TN2002,TN4,-0.003,0.038,-0.030,0.329,-0.018,0.441,2049319,1965541,3816578,8029721,132,59,73
TN,2004,TN2004,TN4,-0.003,0.038,-0.030,0.329,-0.018,0.441,2049319,1965541,3816578,8029721,132,59,73
TN,2006,TN2006,TN4,-0.003,0.038,-0.030,0.329,-0.018,0.441,2049319,1965541,3816578,8029721,132,59,73
TN,2008,TN2008,TN4,-0.003,0.038,-0.030,0.329,-0.018,0.441,2049319,1965541,3816578,8029721,132,59,73
TN,2010,TN2010,TN4,-0.003,0.038,-0.030,0.329,-0.018,0.441,2049319,1965541,3816578,8029721,132,59,73
TN,2012,TN2012,TN5,-0.095,0.822,-0.179,1.000,-0.079,0.972,2625440,1651604,3234002,8554087,132,21,111
TN,2014,TN2014,TN5,-0.095,0.822,-0.179,1.000,-0.079,0.972,2625440,1651604,3234002,8554087,132,21,111
TN,2016,TN2016,TN5,-0.095,0.822,-0.179,1.000,-0.079,0.972,2625440,1651604,3234002,8554087,132,21,111
TN,2018,TN2018,TN5,-0.095,0.822,-0.179,1.000,-0.079,0.972,2625440,1651604,3234002,8554087,132,21,111
TN,2020,TN2020,TN5,-0.095,0.822,-0.179,1.000,-0.079,0.972,2625440,1651604,3234002,8554087,132,21,111
TX,1972,TX1972,TX1,0.138,0.948,0.116,0.915,0.024,0.573,2279158,3462103,7050047,11482522,124,108,16
TX,1974,TX1974,TX1,0.138,0.948,0.116,0.915,0.024,0.573,2279158,3462103,7050047,11482522,124,108,16
TX,1976,TX1976,TX1,0.138,0.948,0.116,0.915,0.024,0.573,2279158,3462103,7050047,11482522,124,108,16
TX,1978,TX1978,TX1,0.138,0.948,0.116,0.915,0.024,0.573,2279158,3462103,7050047,11482522,124,108,16
TX,1980,TX1980,TX1,0.138,0.948,0.116,0.915,0.024,0.573,2279158,3462103,7050047,11482522,124,108,16
TX,1982,TX1982,TX2,0.137,0.944,0.030,0.324,0.007,0.197,2909035,4861572,8836584,15541214,124,96,28
TX,1984,TX1984,TX2,0.137,0.944,0.030,0.324,0.007,0.197,2909035,4861572,8836584,15541214,124,96,28
TX,1986,TX1986,TX2,0.137,0.944,0.030,0.324,0.007,0.197,2909035,4861572,8836584,15541214,124,96,28
TX,1988,TX1988,TX2,0.137,0.944,0.030,0.324,0.007,0.197,2909035,4861572,8836584,15541214,124,96,28
TX,1990,TX1990,TX2,0.137,0.944,0.030,0.324,0.007,0.197,2909035,4861572,8836584,15541214,124,96,28
TX,1992,TX1992,TX3,-0.027,0.286,-0.033,0.366,-0.032,0.718,3049386,2639339,5772208,11377450,93,47,46
TX,1996,TX1996,TX3,-0.027,0.286,-0.033,0.366,-0.032,0.718,3049386,2639339,5772208,11377450,93,47,46
TX,1998,TX1998,TX3,-0.027,0.286,-0.033,0.366,-0.032,0.718,3049386,2639339,5772208,11377450,93,47,46
TX,2000,TX2000,TX3,-0.027,0.286,-0.033,0.366,-0.032,0.718,3049386,2639339,5772208,11377450,93,47,46
TX,2002,TX2002,TX4,-0.021,0.235,-0.090,0.845,-0.049,0.859,6168279,5258211,10275247,22852980,124,47,77
TX,2004,TX2004,TX4,-0.021,0.235,-0.090,0.845,-0.049,0.859,6168279,5258211,10275247,22852980,124,47,77
TX,2006,TX2006,TX4,-0.021,0.235,-0.090,0.845,-0.049,0.859,6168279,5258211,10275247,22852980,124,47,77
TX,2008,TX2008,TX4,-0.021,0.235,-0.090,0.845,-0.049,0.859,6168279,5258211,10275247,22852980,124,47,77
TX,2010,TX2010,TX4,-0.021,0.235,-0.090,0.845,-0.049,0.859,6168279,5258211,10275247,22852980,124,47,77
TX,2012,TX2012,TX5,-0.030,0.329,-0.074,0.723,-0.056,0.906,8617401,7010197,14436183,31255195,124,48,76
TX,2014,TX2014,TX5,-0.030,0.329,-0.074,0.723,-0.056,0.906,8617401,7010197,14436183,31255195,124,48,76
TX,2016,TX2016,TX5,-0.030,0.329,-0.074,0.723,-0.056,0.906,8617401,7010197,14436183,31255195,124,48,76
TX,2018,TX2018,TX5,-0.030,0.329,-0.074,0.723,-0.056,0.906,8617401,7010197,14436183,31255195,124,48,76
TX,2020,TX2020,TX5,-0.030,0.329,-0.074,0.723,-0.056,0.906,8617401,7010197,14436183,31255195,124,48,76
UT,1972,UT1972,UT1,-0.009,0.113,-0.002,0.052,-0.001,0.033,462010,424129,809727,1772278,116,47,69
UT,1974,UT1974,UT1,-0.009,0.113,-0.002,0.052,-0.001,0.033,462010,424129,809727,1772278,116,47,69
UT,1976,UT1976,UT1,-0.009,0.113,-0.002,0.052,-0.001,0.033,462010,424129,809727,1772278,116,47,69
UT,1978,UT1978,UT1,-0.009,0.113,-0.002,0.052,-0.001,0.033,462010,424129,809727,1772278,116,47,69
UT,1980,UT1980,UT1,-0.009,0.113,-0.002,0.052,-0.001,0.033,462010,424129,809727,1772278,116,47,69
UT,1982,UT1982,UT2,-0.084,0.742,-0.040,0.451,-0.013,0.338,601119,411655,866483,2025547,116,32,84
UT,1984,UT1984,UT2,-0.084,0.742,-0.040,0.451,-0.013,0.338,601119,411655,866483,2025547,116,32,84
UT,1986,UT1986,UT2,-0.084,0.742,-0.040,0.451,-0.013,0.338,601119,411655,866483,2025547,116,32,84
UT,1988,UT1988,UT2,-0.084,0.742,-0.040,0.451,-0.013,0.338,601119,411655,866483,2025547,116,32,84
UT,1990,UT1990,UT2,-0.084,0.742,-0.040,0.451,-0.013,0.338,601119,411655,866483,2025547,116,32,84
UT,1992,UT1992,UT3,0.015,0.169,0.006,0.085,0.007,0.174,599824,559288,944438,2318225,116,38,78
UT,1994,UT1994,UT3,0.015,0.169,0.006,0.085,0.007,0.174,599824,559288,944438,2318225,116,38,78
UT,1996,UT1996,UT3,0.015,0.169,0.006,0.085,0.007,0.174,599824,559288,944438,2318225,116,38,78
UT,1998,UT1998,UT3,0.015,0.169,0.006,0.085,0.007,0.174,599824,559288,944438,2318225,116,38,78
UT,2000,UT2000,UT3,0.015,0.169,0.006,0.085,0.007,0.174,599824,559288,944438,2318225,116,38,78
UT,2002,UT2002,UT4,-0.029,0.324,-0.056,0.601,-0.029,0.653,755117,616831,1017796,2743897,108,23,85
UT,2004,UT2004,UT4,-0.029,0.324,-0.056,0.601,-0.029,0.653,755117,616831,1017796,2743897,108,23,85
UT,2006,UT2006,UT4,-0.029,0.324,-0.056,0.601,-0.029,0.653,755117,616831,1017796,2743897,108,23,85
UT,2008,UT2008,UT4,-0.029,0.324,-0.056,0.601,-0.029,0.653,755117,616831,1017796,2743897,108,23,85
UT,2010,UT2010,UT4,-0.029,0.324,-0.056,0.601,-0.029,0.653,755117,616831,1017796,2743897,108,23,85
UT,2012,UT2012,UT5,-0.013,0.150,-0.111,0.901,-0.051,0.873,1036195,878377,1326287,3829143,116,20,96
UT,2014,UT2014,UT5,-0.013,0.150,-0.111,0.901,-0.051,0.873,1036195,878377,1326287,3829143,116,20,96
UT,2016,UT2016,UT5,-0.013,0.150,-0.111,0.901,-0.051,0.873,1036195,878377,1326287,3829143,116,20,96
UT,2018,UT2018,UT5,-0.013,0.150,-0.111,0.901,-0.051,0.873,1036195,878377,1326287,3829143,116,20,96
UT,2020,UT2020,UT5,-0.013,0.150,-0.111,0.901,-0.051,0.873,1036195,878377,1326287,3829143,116,20,96
VA,1971,VA1971,VA0,0.146,0.967,0.041,0.474,0.016,0.385,374836,684016,1246363,2117705,80,66,14
VA,1975,VA1975,VA0,0.146,0.967,0.041,0.474,0.016,0.385,374836,684016,1246363,2117705,80,66,14
VA,1979,VA1979,VA0,0.146,0.967,0.041,0.474,0.016,0.385,374836,684016,1246363,2117705,80,66,14
VA,1983,VA1983,VA2,0.094,0.808,0.089,0.822,0.032,0.704,545618,803571,1589145,2698377,80,62,18
VA,1987,VA1987,VA2,0.094,0.808,0.089,0.822,0.032,0.704,545618,803571,1589145,2698377,80,62,18
VA,1991,VA1991,VA2.1,-0.025,0.282,-0.020,0.268,-0.009,0.239,773857,712976,1485612,2973666,80,38,42
VA,1995,VA1995,VA2.1,-0.025,0.282,-0.020,0.268,-0.009,0.239,773857,712976,1485612,2973666,80,38,42
VA,1999,VA1999,VA2.1,-0.025,0.282,-0.020,0.268,-0.009,0.239,773857,712976,1485612,2973666,80,38,42
VA,2003,VA2003,VA4,-0.065,0.620,-0.045,0.516,-0.028,0.620,820066,635826,1499666,2911783,80,37,43
VA,2007,VA2007,VA4,-0.065,0.620,-0.045,0.516,-0.028,0.620,820066,635826,1499666,2911783,80,37,43
VA,2011,VA2011,VA4.1,0.004,0.052,0.016,0.211,0.012,0.291,1067017,1030620,2114190,4195273,80,40,40
VA,2015,VA2015,VA4.1,0.004,0.052,0.016,0.211,0.012,0.291,1067017,1030620,2114190,4195273,80,40,40
VA,2019,VA2019,VA4.1,0.004,0.052,0.016,0.211,0.012,0.291,1067017,1030620,2114190,4195273,80,40,40
WA,1972,WA1972,WA1,0.007,0.085,0.003,0.070,-0.004,0.108,1206517,1276317,2671335,4965669,196,115,81
WA,1974,WA1974,WA1,0.007,0.085,0.003,0.070,-0.004,0.108,1206517,1276317,2671335,4965669,196,115,81
WA,1976,WA1976,WA1,0.007,0.085,0.003,0.070,-0.004,0.108,1206517,1276317,2671335,4965669,196,115,81
WA,1978,WA1978,WA1,0.007,0.085,0.003,0.070,-0.004,0.108,1206517,1276317,2671335,4965669,196,115,81
WA,1980,WA1980,WA1,0.007,0.085,0.003,0.070,-0.004,0.108,1206517,1276317,2671335,4965669,196,115,81
WA,1982,WA1982,WA2,-0.027,0.300,-0.042,0.488,-0.018,0.437,1678239,1435002,3229724,6226481,196,100,96
WA,1984,WA1984,WA2,-0.027,0.300,-0.042,0.488,-0.018,0.437,1678239,1435002,3229724,6226481,196,100,96
WA,1986,WA1986,WA2,-0.027,0.300,-0.042,0.488,-0.018,0.437,1678239,1435002,3229724,6226481,196,100,96
WA,1988,WA1988,WA2,-0.027,0.300,-0.042,0.488,-0.018,0.437,1678239,1435002,3229724,6226481,196,100,96
WA,1990,WA1990,WA2,-0.027,0.300,-0.042,0.488,-0.018,0.437,1678239,1435002,3229724,6226481,196,100,96
WA,1992,WA1992,WA3,-0.021,0.239,-0.033,0.376,-0.010,0.254,2037800,1903962,4065813,7883523,196,100,96
WA,1994,WA1994,WA3,-0.021,0.239,-0.033,0.376,-0.010,0.254,2037800,1903962,4065813,7883523,196,100,96
WA,1996,WA1996,WA3,-0.021,0.239,-0.033,0.376,-0.010,0.254,2037800,1903962,4065813,7883523,196,100,96
WA,1998,WA1998,WA3,-0.021,0.239,-0.033,0.376,-0.010,0.254,2037800,1903962,4065813,7883523,196,100,96
WA,2000,WA2000,WA3,-0.021,0.239,-0.033,0.376,-0.010,0.254,2037800,1903962,4065813,7883523,196,100,96
WA,2002,WA2002,WA4,0.027,0.291,-0.003,0.066,-0.002,0.042,2374558,2529295,5245290,9807706,196,117,79
WA,2004,WA2004,WA4,0.027,0.291,-0.003,0.066,-0.002,0.042,2374558,2529295,5245290,9807706,196,117,79
WA,2006,WA2006,WA4,0.027,0.291,-0.003,0.066,-0.002,0.042,2374558,2529295,5245290,9807706,196,117,79
WA,2008,WA2008,WA4,0.027,0.291,-0.003,0.066,-0.002,0.042,2374558,2529295,5245290,9807706,196,117,79
WA,2010,WA2010,WA4,0.027,0.291,-0.003,0.066,-0.002,0.042,2374558,2529295,5245290,9807706,196,117,79
WA,2012,WA2012,WA5,0.005,0.066,-0.035,0.408,-0.023,0.559,2919853,2903471,6104387,11646648,196,107,89
WA,2014,WA2014,WA5,0.005,0.066,-0.035,0.408,-0.023,0.559,2919853,2903471,6104387,11646648,196,107,89
WA,2016,WA2016,WA5,0.005,0.066,-0.035,0.408,-0.023,0.559,2919853,2903471,6104387,11646648,196,107,89
WA,2018,WA2018,WA5,0.005,0.066,-0.035,0.408,-0.023,0.559,2919853,2903471,6104387,11646648,196,107,89
WA,2020,WA2020,WA5,0.005,0.066,-0.035,0.408,-0.023,0.559,2919853,2903471,6104387,11646648,196,107,89
WI,1972,WI1972,WI1,0.041,0.437,0.009,0.117,0.012,0.310,1587953,1690311,3567710,6556528,132,83,49
WI,1974,WI1974,WI1,0.041,0.437,0.009,0.117,0.012,0.310,1587953,1690311,3567710,6556528,132,83,49
WI,1976,WI1976,WI1,0.041,0.437,0.009,0.117,0.012,0.310,1587953,1690311,3567710,6556528,132,83,49
WI,1978,WI1978,WI1,0.041,0.437,0.009,0.117,0.012,0.310,1587953,1690311,3567710,6556528,132,83,49
WI,1980,WI1980,WI1,0.041,0.437,0.009,0.117,0.012,0.310,1587953,1690311,3567710,6556528,132,83,49
WI,1982,WI1982,WI2,0.063,0.610,0.058,0.629,0.033,0.723,1342490,1812074,3321048,6309127,132,82,50
WI,1984,WI1984,WI2,0.063,0.610,0.058,0.629,0.033,0.723,1342490,1812074,3321048,6309127,132,82,50
WI,1986,WI1986,WI2,0.063,0.610,0.058,0.629,0.033,0.723,1342490,1812074,3321048,6309127,132,82,50
WI,1988,WI1988,WI2,0.063,0.610,0.058,0.629,0.033,0.723,1342490,1812074,3321048,6309127,132,82,50
WI,1990,WI1990,WI2,0.063,0.610,0.058,0.629,0.033,0.723,1342490,1812074,3321048,6309127,132,82,50
WI,1992,WI1992,WI3,0.047,0.512,0.012,0.169,0.019,0.455,1766105,2222794,3865707,7977798,132,68,64
WI,1994,WI1994,WI3,0.047,0.512,0.012,0.169,0.019,0.455,1766105,2222794,3865707,7977798,132,68,64
WI,1996,WI1996,WI3,0.047,0.512,0.012,0.169,0.019,0.455,1766105,2222794,3865707,7977798,132,68,64
WI,1998,WI1998,WI3,0.047,0.512,0.012,0.169,0.019,0.455,1766105,2222794,3865707,7977798,132,68,64
WI,2000,WI2000,WI3,0.047,0.512,0.012,0.169,0.019,0.455,1766105,2222794,3865707,7977798,132,68,64
WI,2002,WI2002,WI4,-0.058,0.573,-0.050,0.549,-0.017,0.408,2770067,2137825,5121757,9815784,132,64,68
WI,2004,WI2004,WI4,-0.058,0.573,-0.050,0.549,-0.017,0.408,2770067,2137825,5121757,9815784,132,64,68
WI,2006,WI2006,WI4,-0.058,0.573,-0.050,0.549,-0.017,0.408,2770067,2137825,5121757,9815784,132,64,68
WI,2008,WI2008,WI4,-0.058,0.573,-0.050,0.549,-0.017,0.408,2770067,2137825,5121757,9815784,132,64,68
WI,2010,WI2010,WI4,-0.058,0.573,-0.050,0.549,-0.017,0.408,2770067,2137825,5121757,9815784,132,64,68
WI,2012,WI2012,WI5,-0.108,0.869,-0.124,0.934,-0.055,0.897,3321108,2109005,5444435,10860225,132,52,80
WI,2014,WI2014,WI5,-0.108,0.869,-0.124,0.934,-0.055,0.897,3321108,2109005,5444435,10860225,132,52,80
WI,2016,WI2016,WI5,-0.108,0.869,-0.124,0.934,-0.055,0.897,3321108,2109005,5444435,10860225,132,52,80
WI,2018,WI2018,WI5,-0.108,0.869,-0.124,0.934,-0.055,0.897,3321108,2109005,5444435,10860225,132,52,80
WI,2020,WI2020,WI5,-0.108,0.869,-0.124,0.934,-0.055,0.897,3321108,2109005,5444435,10860225,132,52,80
WY,1992,WY1992,WY3,-0.087,0.756,-0.047,0.526,-0.023,0.563,229403,151642,344202,762091,120,38,82
WY,1994,WY1994,WY3,-0.087,0.756,-0.047,0.526,-0.023,0.563,229403,151642,344202,762091,120,38,82
WY,1996,WY1996,WY3,-0.087,0.756,-0.047,0.526,-0.023,0.563,229403,151642,344202,762091,120,38,82
WY,1998,WY1998,WY3,-0.087,0.756,-0.047,0.526,-0.023,0.563,229403,151642,344202,762091,120,38,82
WY,2000,WY2000,WY3,-0.087,0.756,-0.047,0.526,-0.023,0.563,229403,151642,344202,762091,120,38,82
WY,2002,WY2002,WY4,-0.059,0.582,-0.043,0.493,-0.017,0.399,245562,182607,328806,856337,120,25,95
WY,2004,WY2004,WY4,-0.059,0.582,-0.043,0.493,-0.017,0.399,245562,182607,328806,856337,120,25,95
WY,2006,WY2006,WY4,-0.059,0.582,-0.043,0.493,-0.017,0.399,245562,182607,328806,856337,120,25,95
WY,2008,WY2008,WY4,-0.059,0.582,-0.043,0.493,-0.017,0.399,245562,182607,328806,856337,120,25,95
WY,2010,WY2010,WY4,-0.059,0.582,-0.043,0.493,-0.017,0.399,245562,182607,328806,856337,120,25,95
WY,2012,WY2012,WY5,-0.022,0.258,-0.049,0.540,-0.026,0.610,216226,197782,256991,828015,120,12,108
WY,2014,WY2014,WY5,-0.022,0.258,-0.049,0.540,-0.026,0.610,216226,197782,256991,828015,120,12,108
WY,2016,WY2016,WY5,-0.022,0.258,-0.049,0.540,-0.026,0.610,216226,197782,256991,828015,120,12,108
WY,2018,WY2018,WY5,-0.022,0.258,-0.049,0.540,-0.026,0.610,216226,197782,256991,828015,120,12,108
WY,2020,WY2020,WY5,-0.022,0.258,-0.049,0.540,-0.026,0.610,216226,197782,256991,828015,120,12,108
